Job_Number,Job_Type,Job_Status,BIN,BBL,Boro,AddressNum,AddressSt,CompltYear,PermitYear,ClassAInit,ClassAProp,ClassANet,Units_CO,DateFiled,DatePermit,DateComplt,Bldg_Class,Job_Desc,Latitude,Longitude,CommntyDst,CouncilDst,NTA2020,NTAName20,hdb_completed,hdb_address,excluded_via
B00489656,New Building,3. Permitted for Construction,3428980,3039500007,3,221,BARBEY STREET,,2022.0,0.0,2,2.0,,2021-03-30,2022-03-10,,2 Family,PROPOSED NEW THREE STORIES TWO FAMILY DWELLINGS WITH CELLAR,40.67782729240591,-73.88853501511787,305,37,BK0501,Cypress Hills,False,221 BARBEY STREET,bbl_block
B00512095,New Building,2. Approved Application,3328367,3039600065,3,3141,ATLANTIC AVENUE,,,0.0,8,8.0,,2021-05-16,,,Other,PROPOSED NEW FIVE (5) STORY WITH CELLAR.  MIXED-USE BUILDING. MECHANICAL (MH) STRUCTURAL (ST) PLUMBING/SPRINKLER/STANDPIPE (PL/SP/SD) FIRE ALARM(FA) & BPP FILED SEPERATELY. 8 CLASS A DWELLING,40.679803123218015,-73.87939500528272,305,37,BK0501,Cypress Hills,False,3141 ATLANTIC AVENUE,bbl_block
B00569207,Alteration,5. Completed Construction,3328465,3039930001,3,2219,PITKIN AVENUE,2025.0,2023.0,16.0,16,0.0,16.0,2021-09-29,2023-08-18,2025-08-26,Other,FILING TO AMEND CURRENT C of O TO CORRECT NUMBER OF PROPOSED PARKING SPACES TO EXSITING INDOOR PARKING GARAGE AS INDICATED. THERE WILL BE NO CHANGE IN USE EGRESS OR OCCUPANCY TO EXISTING RESIDENTIAL BUILDING.,40.67304523288359,-73.89061815200631,305,42,BK0502,East New York (North),True,2219 PITKIN AVENUE,bbl_block
B00584279,New Building,5. Completed Construction,3430036,3039710050,3,731,LIBERTY AVENUE,2023.0,2022.0,0.0,10,10.0,10.0,2021-11-10,2022-05-24,2023-05-25,Other,PROPOSED FOUR (4) STORY WITH PENTHOUSE MIXED-USE BUILDING.,40.67662288325533,-73.88278359279352,305,37,BK0501,Cypress Hills,True,731 LIBERTY AVENUE,bbl_block
B00594970,New Building,5. Completed Construction,3429466,3039890001,3,365,SHEPHERD AVENUE,2025.0,2022.0,0.0,123,123.0,123.0,2021-11-15,2022-12-21,2025-04-24,Other,An affordable housing project. A (7) story new building with (123) dwelling units in total. A mixed use of (105) UG2 + (10) UG3 + (8) AIRS units,40.67576494511725,-73.88093927949379,305,37,BK0502,East New York (North),True,365 SHEPHERD AVENUE,bbl_block
B00640786,New Building,5. Completed Construction,3428952,3041437502,3,254,EUCLID AVENUE,2025.0,2022.0,0.0,436,436.0,436.0,2021-12-27,2022-12-29,2025-04-16,Other,CONSTRUCT NEW FOURTEEN (14) STORY MIXED USE BUILDING AS PER PLANS FILED.,40.68191625694341,-73.8744481000775,305,37,BK0501,Cypress Hills,True,254 EUCLID AVENUE,bbl_block
B00670629,New Building,5. Completed Construction,3430123,3039890016,3,786,LIBERTY AVENUE,2025.0,2022.0,0.0,54,54.0,54.0,2022-01-31,2022-06-09,2025-05-06,Other,Proposing new 8 story & cellar residential building,40.67655588222935,-73.88082689481602,305,37,BK0502,East New York (North),True,786 LIBERTY AVENUE,bbl_block
B00733362,New Building,2. Approved Application,3848366,3040030001,3,455,LINWOOD STREET,,,0.0,3,3.0,,2022-05-20,,,3 Family,PROPOSED NEW THREE (3) STORY THREE (3) FAMILY RESIDENTIAL BUILDING.,40.674347,-73.882442,305,42,BK0502,East New York (North),False,455 LINWOOD STREET,bbl_block
B00867121,Alteration,2. Approved Application,3093161,3041540019,3,303,LOGAN STREET,,,1.0,2,1.0,,2023-05-16,,,2 Family,Propose to convert from 1 to 2 family house propose vertical extension propose new entrance from rear to cellar  propose new front entrance to cellar  propose new driveway,40.67887382025916,-73.87698888461358,305,37,BK0502,East New York (North),False,303 LOGAN STREET,bbl_block
B00899061,New Building,3. Permitted for Construction,3429638,3041900012,3,391,LOGAN STREET,,2024.0,0.0,2,2.0,,2023-07-13,2024-03-14,,3 Family,Application to file new two family house as per drawings.,40.676748,-73.876396,305,37,BK0502,East New York (North),False,391 LOGAN STREET,bbl_block
B00924193,Alteration,1. Filed Application,3087909,3039520004,3,245,WARWICK STREET,,,2.0,2,0.0,,2023-10-03,,,2 Family,,40.67808646569088,-73.88680100549854,305,37,BK0501,Cypress Hills,False,245 WARWICK STREET,bbl_block
B00936591,Demolition,5. Completed Construction,3380644,3041930129,3,30,DOSCHER STREET,2025.0,2025.0,2.0,0,-2.0,,2024-11-07,2025-11-07,2025-11-07,1 Family,,40.6768974652536,-73.8734148254778,305,37,BK0505,East New York-City Line,True,30 DOSCHER STREET,bbl_block
B00938073,Demolition,5. Completed Construction,3088579,3039810035,3,605,GLENMORE AVENUE,2024.0,2024.0,1.0,0,-1.0,,2023-11-01,2024-10-15,2024-10-15,2 Family,full demolition of 3 1/2 story structure,40.674613,-73.887864,305,37,BK0502,East New York (North),True,605 GLENMORE AVENUE,bbl_block
B00972461,New Building,3. Permitted for Construction,3429718,3041430003,3,275,CHESTNUT STREET,,2025.0,0.0,327,327.0,,2024-01-29,2025-09-25,,Other,CONSTRUCT NEW FOURTEEN (14) STORY MIXED-USE BUILDING AS PER PLANS FILED.,40.681324,-73.874376,305,37,BK0501,Cypress Hills,False,275 CHESTNUT STREET,bbl_block
B01031333,Alteration,1. Filed Application,3341486,3039870014,3,728,LIBERTY AVENUE,,,6.0,4,-2.0,,2025-03-07,,,Other,Interior work filed separately under separate application(s).  Acquisition of new Certificate of Occupancy.,40.67629221931318,-73.88269156881775,305,37,BK0502,East New York (North),False,728 LIBERTY AVENUE,bbl_block
B01091813,New Building,1. Filed Application,3824242,3042100034,3,2647,PITKIN AVENUE,,,0.0,7,7.0,,2024-09-26,,,Other,Proposed four storey residential and commercial building.,40.675272,-73.874549,305,42,BK0505,East New York-City Line,False,2647 PITKIN AVENUE,bbl_block
B01112739,New Building,3. Permitted for Construction,3430014,3039730050,3,60,BERRIMAN STREET,,2025.0,0.0,8,8.0,,2024-10-02,2025-05-23,,Other,NEW BUILDING - EIGHT FAMILY FOUR STORY WITH CELLAR- RESIDENTIAL BUILDING,40.677414,-73.880959,305,37,BK0501,Cypress Hills,False,60 BERRIMAN STREET,bbl_block
B01147007,New Building,3. Permitted for Construction,3430012,3039990004,3,395,WARWICK STREET,,2025.0,0.0,3,3.0,,2025-01-09,2025-11-10,,3 Family,NEW THREE STORY THREE FAMILY DWELLING.,40.674027,-73.885756,305,42,BK0502,East New York (North),False,395 WARWICK STREET,bbl_block
B01139174,New Building,2. Approved Application,3429988,3039730050,3,62,BERRIMAN STREET,,,0.0,17,17.0,,2024-11-07,,,Other,17 FAMILY 5 STORY WITH CELLAR - RESIDENTIAL BUILDING,40.677414,-73.880959,305,37,BK0501,Cypress Hills,False,62 BERRIMAN STREET,bbl_block
B01149720,New Building,1. Filed Application,3093263,3041620002,3,3320,ATLANTIC AVENUE,,,0.0,33,33.0,,2024-12-05,,,Other,Construct new eight (8) story mixed use building with residential and retail use as per plans filed herewith.,40.68103745797791,-73.87296059920058,305,37,BK0501,Cypress Hills,False,3320 ATLANTIC AVENUE,bbl_block
B01151079,Alteration,5. Completed Construction,3088877,3039990035,3,2349,PITKIN AVENUE,2025.0,2025.0,3.0,9,6.0,9.0,2024-12-06,2025-03-26,2025-08-29,Other,Interior renovation to increase number of dwelling  units from 3 to 9 units to an existing 3 story building.,40.67360194312357,-73.88562457645862,305,42,BK0502,East New York (North),True,2349 PITKIN AVENUE,bbl_block
B01158510,Demolition,2. Approved Application,3093263,3041620002,3,3320,ATLANTIC AVENUE,,,1.0,0,-1.0,,2025-02-10,,,Other,This job is filed for full demolition work at 3320 Atlantic Avenue BK 11208,40.68103745797791,-73.87296059920058,305,37,BK0501,Cypress Hills,False,3320 ATLANTIC AVENUE,bbl_block
B01161142,New Building,3. Permitted for Construction,3397139,3039600005,3,207,HALE AVENUE,,2025.0,0.0,3,3.0,,2025-01-20,2025-10-31,,3 Family,NEW THREE STORY THREE FAMILY DWELLING.,40.680191,-73.879631,305,37,BK0501,Cypress Hills,False,207 HALE AVENUE,bbl_block
B01203284,New Building,1. Filed Application,3087939,3039520042,3,200,ASHFORD STREET,,,0.0,79,79.0,,2025-06-25,,,Other,(PLEASE ASSIGN TO DEV HUB) PROPOSING NEW 9 STORY AND CELLAR MIXED-USE BUILDING.,40.67783224805355,-73.88629209859792,305,37,BK0501,Cypress Hills,False,200 ASHFORD STREET,bbl_block
B01225983,New Building,1. Filed Application,3256546,3039580049,3,229,SHEPHERD AVENUE,,,0.0,99,99.0,,2025-05-23,,,Other,PROPOSED NEW EIGHT STORY MIXED USE BUILDING.,40.679289,-73.881143,305,37,BK0501,Cypress Hills,False,229 SHEPHERD AVENUE,bbl_block
B01241582,New Building,1. Filed Application,3256546,3039580049,3,240,HIGHLAND PLACE,,,0.0,99,99.0,,2025-06-19,,,Other,PROPOSED NEW EIGHT STORY MIXED USE BUILDING.,40.679289,-73.881143,305,37,BK0501,Cypress Hills,False,240 HIGHLAND PLACE,bbl_block
B01232724,New Building,1. Filed Application,3088731,3039890032,3,803,GLENMORE AVENUE,,,0.0,10,10.0,,2025-06-16,,,Other,PROPOSED FOUR (4) STORY RESIDENTIAL BUILDING.,40.675665,-73.88058,305,37,BK0502,East New York (North),False,803 GLENMORE AVENUE,bbl_block
B01255657,New Building,1. Filed Application,3088379,3039710031,3,256,ESSEX STREET,,,0.0,18,18.0,,2025-08-27,,,Other,Proposed four (4) story + cellar and penthouse residential use building.,40.677757,-73.882927,305,37,BK0501,Cypress Hills,False,256 ESSEX STREET,bbl_block
B01239985,New Building,2. Approved Application,3430274,3040030001,3,455,LINWOOD STREET,,,0.0,11,11.0,,2025-06-25,,,Other,PROPOSED NEW THREE STORY 11 FAMILY RESIDENTIAL BUILDING.,40.674347,-73.882442,305,42,BK0502,East New York (North),False,455 LINWOOD STREET,bbl_block
B01313756,New Building,1. Filed Application,3094616,3042100017,3,950,GLENMORE AVENUE,,,0.0,29,29.0,,2025-11-13,,,Other,New 5-story 29-family building,40.676060132498286,-73.87498398973493,305,42,BK0505,East New York-City Line,False,950 GLENMORE AVENUE,bbl_block
B08042891,Alteration,5. Completed Construction,3087923,3039520023,3,2930,FULTON STREET,2024.0,2023.0,4.0,8,4.0,8.0,2022-11-19,2023-01-27,2024-08-13,Other,CONVERT 2ND FLOOR EXISTING COMMUNITY FACILITY (U.G.4) TO RESIDENTIAL (U.G.2) 1ST FLOOR EXISTING COMMERCIAL (U.G. 6) AND 3RD FLOOR RESIDENTIAL 2 APARTMENTS (U.G.3) CHANGE TO 5 APARTMENTS (U.G. 2) EXISTING MIXED USE BUILDING. OBTAIN NEW C OF O.,40.67912321642334,-73.88657014748956,305,37,BK0501,Cypress Hills,True,2930 FULTON STREET,bbl_block
X00486240,Alteration,3. Permitted for Construction,2008709,2028720302,2,1476,JESUP AVENUE,,2022.0,3.0,20,17.0,,2021-03-22,2022-01-12,,Other,VERTICAL EXTENSION TO AN EXISTING TWO STORY & CELLAR BRICK BUILDING,40.84288708091348,-73.91918435433801,204,16,BX0403,Mount Eden-Claremont (West),False,1476 JESUP AVENUE,bbl_block
X00487406,New Building,5. Completed Construction,2008159,2028480024,2,1677,TOWNSEND AVENUE,2023.0,2021.0,0.0,35,35.0,35.0,2021-08-04,2021-11-23,2023-01-10,Other,NEW 7-STORY 35-FAMILY RESIDENTIAL BUILDING,40.84595327256616,-73.91278690470804,205,14,BX0502,Mount Hope,True,1677 TOWNSEND AVENUE,bbl_block
X00490317,Alteration,5. Completed Construction,2008659,2028720070,2,1434,JESUP AVENUE,2023.0,2022.0,0.0,8,8.0,8.0,2021-03-22,2022-06-23,2023-04-28,Other,PROPOSED INTERIOR RENOVATION  TO AN EXISTING 2 STORY AND CELLAR RESIDENTIAL USE BUILDING TO A TOTAL OF 8 RESIDENTIAL UNITS.,40.84181823056305,-73.92004736111689,204,16,BX0403,Mount Eden-Claremont (West),True,1434 JESUP AVENUE,bbl_block
X00558445,New Building,5. Completed Construction,2131062,2028720120,2,1472,SHAKESPEARE AVENUE,2023.0,2022.0,0.0,34,34.0,34.0,2021-08-19,2022-07-14,2023-12-15,Other,New 7 story Residential Building,40.84374358524328,-73.91973679478882,204,16,BX0403,Mount Eden-Claremont (West),True,1472 SHAKESPEARE AVENUE,bbl_block
X00525233,Alteration,3. Permitted for Construction,2008431,2028650126,2,37,FEATHERBED LANE,,2022.0,42.0,56,14.0,,2021-08-04,2022-06-06,,Other,PROPOSED APARTMENTS AT BASEMENT FIRST & SECOND FLOOR. ADDITIONAL SCOPE OF WORK ADDED. AMENDMENT PLANS INCLUDE APARTMENT 1C 1E 1B 2F & 2E TO BE SPLIT INTO STUDIO APARTMENTS. 80 SQ FT REDUCTION FROM APT. 6A.,40.846223266920575,-73.91538209735293,205,14,BX0501,University Heights (South)-Morris Heights,False,37 FEATHERBED LANE,bbl_block
X00527768,Alteration,5. Completed Construction,2008160,2028480050,2,1670,TOWNSEND AVENUE,2023.0,2022.0,0.0,25,25.0,25.0,2021-05-25,2022-06-30,2023-12-28,Other,PROPSING HORIZONTAL & VERTICAL ENLARGEMNT TOAX EXISTING TWO STORY & BASEMENT BUILDING,40.84560358956477,-73.9124487883884,205,14,BX0502,Mount Hope,True,1670 TOWNSEND AVENUE,bbl_block
X00676895,New Building,5. Completed Construction,2130655,2031950032,2,2175,DAVIDSON AVENUE,2024.0,2022.0,0.0,18,18.0,20.0,2022-03-16,2022-09-08,2024-05-01,Other,NEW FOUR STORY EIGHTEEN (18) DWELLING UNIT BUILDING,40.85697676045363,-73.90610058706118,205,14,BX0501,University Heights (South)-Morris Heights,True,2175 DAVIDSON AVENUE,bbl_block
X00678451,Alteration,3. Permitted for Construction,2014242,2031980015,2,2312,GRAND AVENUE,,2022.0,0.0,13,13.0,,2022-02-21,2022-05-19,,Other,APPLICATION FILED HEREWITH TO PROPOSE THE FOLLOWING: HORIZONTAL ENLARGEMENT AT THE SECOND FLOOR. 2 STORY VERTICAL ENLARGEMENT WITH A PENTHOUSE AND BULK HEAD.  INCREASE DWELLING UNITS TO 13. OBTAIN NEW CERTIFICATE OF OCCUPANCY,40.86050600775776,-73.90454710842329,207,14,BX0701,University Heights (North)-Fordham,False,2312 GRAND AVENUE,bbl_block
X00681146,Alteration,5. Completed Construction,2014244,2031980017,2,2316,GRAND AVENUE,2024.0,2022.0,0.0,15,15.0,15.0,2022-02-21,2022-05-20,2024-06-21,Other,APPLICATION FILED HEREWITH TO PROPOSE THE FOLLOWING: HORIZONTAL ENLARGEMENT AT THE SECOND FLOOR. 2 STORY VERTICAL ENLARGEMENT WITH A PENTHOUSE AND BULKHEAD.  INCREASE DWELLING UNITS TO 15. OBTAIN NEW CERTIFICATE OF OCCUPANCY,40.86062585569538,-73.90445865134812,207,14,BX0701,University Heights (North)-Fordham,True,2316 GRAND AVENUE,bbl_block
X00687136,New Building,5. Completed Construction,2129796,2025060125,2,78,WEST 170 STREET,2025.0,2022.0,0.0,39,39.0,39.0,2022-02-28,2022-06-10,2025-11-14,Other,PROPOSED ELEVEN (11) STORY AND CELLAR MIXED USED BUILDING,40.84009780501192,-73.92185815309105,204,16,BX0402,Highbridge,True,78 WEST 170 STREET,bbl_block
X00689879,Alteration,5. Completed Construction,2008443,2028650179,2,1665,DAVIDSON AVENUE,2023.0,2022.0,0.0,10,10.0,10.0,2022-03-20,2022-11-14,2023-08-01,Other,APPLICATION FILED HEREWITH FOR INTERIOR RENOVATIONS AND INCREASE IN NUMBER OF DWELLING UNITS FROM 3 TO 10 WITHIN THE EXISTING BULK OF 2 STORY AND BASEMENT RESIDENTIAL BUILDING.,40.84630895807352,-73.91463729468344,205,14,BX0501,University Heights (South)-Morris Heights,True,1665 DAVIDSON AVENUE,bbl_block
X00694049,New Building,5. Completed Construction,2130883,2025060082,2,1258,SHAKESPEARE AVENUE,2023.0,2022.0,0.0,90,90.0,90.0,2022-03-14,2022-05-26,2023-11-15,Other,Proposed seven (7) story residential building.,40.83872252219091,-73.92266117201977,204,16,BX0402,Highbridge,True,1258 SHAKESPEARE AVENUE,bbl_block
X00663777,Alteration,3. Permitted for Construction,2008190,2028490055,2,1712,TOWNSEND AVENUE,,2022.0,2.0,18,16.0,,2022-01-27,2022-06-14,,Other,Existing 2-Story 2-Family building to be enlarged and converted to a 4-story and penthouse 18-Family Dwelling,40.84654387121451,-73.91177858622399,205,14,BX0502,Mount Hope,False,1712 TOWNSEND AVENUE,bbl_block
X00728468,Alteration,3. Permitted for Construction,2008205,2028490085,2,55,CLIFFORD PLACE,,2024.0,0.0,12,12.0,,2022-06-13,2024-03-21,,Other,1. CONVERT EXISTING TWO (2) DWELLING UNITS   TO TWELVE (12)  DWELLING UNITS.2. PROPOSED VERTICAL & HORIZONTAL ENLARGEMENT W/  PENTHOUSE.3. OBTAIN A NEW CERTIFICATE OF OCCUPANCY.,40.84625041192649,-73.91186304360065,205,14,BX0502,Mount Hope,False,55 CLIFFORD PLACE,bbl_block
X00739669,Alteration,5. Completed Construction,2008164,2028480054,2,50,CLIFFORD PLACE,2024.0,2023.0,0.0,19,19.0,19.0,2022-06-13,2023-05-31,2024-09-06,Other,APPLICATION FILED HEREWITH TO PROPOSE THE FOLLOWING. HORIZONTAL ENLARGEMENT AT THE EXISTING FIRST & SECOND FLOOR. 2 STORY VERTICAL ENLARGEMENT WITH A PENTHOUSE AND BULK HEAD. INCREASED DWELLING UNITS TO 19 AND OBTAIN NEW CERTIFICATE OF OCCUPANCY.,40.84598971276738,-73.9122632648783,205,14,BX0502,Mount Hope,True,50 CLIFFORD PLACE,bbl_block
X00729880,New Building,5. Completed Construction,2008287,2028560011,2,1351,JEROME AVENUE,2025.0,2023.0,0.0,247,247.0,247.0,2022-05-04,2023-12-15,2025-03-21,Other,Proposing 14 story residential building,40.839514,-73.919267,204,16,BX0403,Mount Eden-Claremont (West),True,1351 JEROME AVENUE,bbl
X00787559,New Building,3. Permitted for Construction,2008251,2028530012,2,1940,JEROME AVENUE,,2024.0,0.0,115,115.0,,2022-08-22,2024-08-05,,Other,HUB CONSULTATION MEETING HELD AND ACCEPTED ON 8/8/2022. PROPOSE NEW 13-STORY PLUS CELLAR MIXED-USE BUILDING. OBTAIN NEW C OF O. THIS PROJECT IS MANDATORY INCLUSIONARY 100% LOW INCOME HOUSING AND QUALITY HOUSING.,40.850903,-73.909591,205,14,BX0502,Mount Hope,False,1940 JEROME AVENUE,bbl
X00804817,New Building,2. Approved Application,2129194,2031980012,2,41,NORTH STREET,,,0.0,38,38.0,,2023-01-09,,,Other,PROPOSED NEW SEVEN (7) STORY MIXED-USE BUILDING: THIRTY-FIGHT (38) DWELLING UNITS WITH COMMUNITY FACILITY ON THE GROUND AND ELEVEN (11) PARKING SPACES @ CELLAR,40.860302,-73.904618,207,14,BX0701,University Heights (North)-Fordham,False,41 NORTH STREET,bbl_block
X00805009,New Building,2. Approved Application,2008386,2028620090,2,1959,JEROME AVENUE,,,0.0,290,290.0,,2023-01-18,,,Other,NB filed to construct a new 16 story mixed use building of residential and commercial use to be reviewed via the HUB HPD Unit.,40.851444,-73.909966,205,14,BX0501,University Heights (South)-Morris Heights,False,1959 JEROME AVENUE,bbl
X00819177,Alteration,5. Completed Construction,2008701,2028720262,2,1584,JESUP AVENUE,2023.0,2023.0,2.0,9,7.0,9.0,2023-02-08,2023-07-19,2023-12-15,Other,Existing 2-Story and cellar 2-Family building to be converted to a 9-Family Dwelling,40.84542231579705,-73.91808109760609,205,14,BX0501,University Heights (South)-Morris Heights,True,1584 JESUP AVENUE,bbl_block
X00865295,Demolition,2. Approved Application,2014241,2031980014,2,2310,GRAND AVENUE,,,1.0,0,-1.0,,2023-07-31,,,1 Family,DEMOLITION MEANS AND METHODS OF THE EXISTING 2 STORY BUILDING.,40.86046047274187,-73.90457507005777,207,14,BX0701,University Heights (North)-Fordham,False,2310 GRAND AVENUE,bbl_block
X00908433,New Building,3. Permitted for Construction,2094542,2028560001,2,1320,INWOOD AVENUE,,2025.0,0.0,210,210.0,,2023-08-11,2025-08-19,,Other,Construct new 14 story mixed use building as per plans filed.,40.8388875191858,-73.91958343105748,204,16,BX0403,Mount Eden-Claremont (West),False,1320 INWOOD AVENUE,bbl
X00984772,Alteration,5. Completed Construction,2008203,2028490083,2,59,CLIFFORD PLACE,2025.0,2024.0,2.0,10,8.0,10.0,2024-01-05,2024-02-29,2025-03-05,Other,Existing 2 story and basement 2-Family to be converted into a 10-unit building,40.84618168075769,-73.91169662781236,205,14,BX0502,Mount Hope,True,59 CLIFFORD PLACE,bbl_block
X00985124,Alteration,1. Filed Application,2014207,2031960029,2,2232,DAVIDSON AVENUE,,,65.0,67,2.0,,2024-02-19,,,Other,THIS APPLICATION IS BEING FILED FOR GENERAL CONSTRUCTION TO RENOVATE EXISTING RESIDENTIAL APARTMENTS TO CREATE ADDITIONAL DWELLING UNITS OBTAIN NEW CERTIFICATE OF OCCUPANCY AND RESTORATION OF SUPERS' APARTMENT AT CELLAR TO ORIGINAL LEGAL CONDITION.,40.857768569603536,-73.90511378060852,205,14,BX0503,Fordham Heights,False,2232 DAVIDSON AVENUE,bbl_block
X01002892,Alteration,5. Completed Construction,2003110,2025060148,2,67,WEST 169 STREET,2025.0,2024.0,4.0,8,4.0,8.0,2024-02-13,2024-10-11,2025-06-16,Other,ALT1 TO CONVERT EXTG. 4 APTS TO 8 APTS  INTERIOR DEMOLITION  NEW PARTITIONS  NEW KITCHEN BATHROOM NEW LIGHTING AND ELECTRICAL WORK FOR THE NEW APT AS PER PLANS OBTAIN NEW C/O.,40.83922680677452,-73.9220914668734,204,16,BX0402,Highbridge,True,67 WEST 169 STREET,bbl_block
X01038101,Alteration,2. Approved Application,2014042,2031850007,2,6,CAMERON PLACE,,,3.0,9,6.0,,2024-04-19,,,Other,Existing 2 story and basement 2-Family to be converted into a 9-unit building,40.855886528718216,-73.90478878215731,205,14,BX0503,Fordham Heights,False,6 CAMERON PLACE,bbl_block
X01061167,Alteration,5. Completed Construction,2129668,2028720148,2,1544,SHAKESPEARE AVENUE,2025.0,2024.0,116.0,116,0.0,116.0,2024-06-21,2024-09-26,2025-12-10,Other,ALTCO FILED FOR CONVERSION OF AN EXISTING VACANT 'M' SPACE INTO AN AMBULATORY FACILITY AS PER PLANS FILED HEREWITH.,40.84577141884002,-73.91897249098476,205,14,BX0501,University Heights (South)-Morris Heights,True,1544 SHAKESPEARE AVENUE,bbl_block
X01064656,Alteration,5. Completed Construction,2128894,2031960066,2,27,BUCHANAN PLACE,2025.0,2024.0,25.0,25,0.0,25.0,2024-06-28,2024-09-27,2025-02-28,Other,change existing ambulatory diagnostic or treatment healthcare facilities to school - day care center.  provide new stair and door.,40.85826589735064,-73.90535294584095,205,14,BX0501,University Heights (South)-Morris Heights,True,27 BUCHANAN PLACE,bbl_block
X01153979,Alteration,1. Filed Application,2008652,2028720033,2,1411,JESUP AVENUE,,,2.0,10,8.0,,2025-03-18,,,Other,Proposed alteration to existing building to propose a total of 10 dwelling units.,40.84146471068687,-73.92087664247686,204,16,BX0403,Mount Eden-Claremont (West),False,1411 JESUP AVENUE,bbl_block
X01023907,New Building,3. Permitted for Construction,2131032,2024890035,2,1240,RIVER AVENUE,,2025.0,0.0,328,328.0,,2024-05-17,2025-11-21,,Other,New 17-story mixed-use building,40.8364,-73.9209,204,16,BX0401,Concourse-Concourse Village,False,1240 RIVER AVENUE,bbl_block
X01056031,Alteration,2. Approved Application,2014075,2031860078,2,2243,WALTON AVENUE,,,2.0,10,8.0,,2024-05-28,,,Other,Existing 2-Story and basement 2-Family  to be converted to a 10-Family Dwelling,40.857387985287474,-73.90364397471009,205,14,BX0503,Fordham Heights,False,2243 WALTON AVENUE,bbl_block
X01059040,New Building,1. Filed Application,2115197,2028590051,2,1545,JEROME AVENUE,,,0.0,213,213.0,,2025-01-07,,,Other,Propose an 11-story mix-used building consisting of affordable housing use groups II (MIH) IIIA (Supportive Housing) and VI (Retail),40.84372746904938,-73.91574542891432,204,16,BX0403,Mount Eden-Claremont (West),False,1545 JEROME AVENUE,bbl
X01114743,Alteration,5. Completed Construction,2008441,2028650177,2,26,WEST 174 STREET,2025.0,2024.0,2.0,10,8.0,10.0,2024-09-23,2024-11-19,2025-04-09,Other,PROPOSED CONVERSION OF AN EXISTING TWO STORY AND CELLAR TWO FAMILY TO A TOTAL OF TEN RESIDENTIAL UNITS,40.84639780552215,-73.91477430709978,205,14,BX0501,University Heights (South)-Morris Heights,True,26 WEST 174 STREET,bbl_block
X01116367,Alteration,3. Permitted for Construction,2014194,2031950051,2,2170,DAVIDSON AVENUE,,2025.0,31.0,34,3.0,,2024-11-20,2025-04-11,,Other,THIS APPLICATION IS BEING FILED FOR GENERAL CONSTRUCTION AND STRUCTURAL WORK TO RENOVATE EXISTING RESIDENTIAL APARTMENTS TO CREATE ADDITIONAL DWELLING UNITS AND OBTAIN A NEW CERTIFICATE OF OCCUPANCY,40.85687627214829,-73.90574076861428,205,14,BX0501,University Heights (South)-Morris Heights,False,2170 DAVIDSON AVENUE,bbl_block
X01169727,New Building,2. Approved Application,2008290,2028560023,2,1376,INWOOD AVENUE,,,0.0,53,53.0,,2025-01-27,,,Other,APPLICATION FILED HEREWITH TO ERECT A NEW EIGHT STORY RESIDENTIAL BUIDLIGN WITH A TOTAL OF FIFTY THREE UNITS,40.84008656221408,-73.91906439512107,204,16,BX0403,Mount Eden-Claremont (West),False,1376 INWOOD AVENUE,bbl
X01181100,Demolition,3. Permitted for Construction,2008290,2028560023,2,1376,INWOOD AVENUE,,2025.0,3.0,0,-3.0,,2025-02-19,2025-04-09,,3 Family,Full demolition to a three story house,40.84008656221408,-73.91906439512107,204,16,BX0403,Mount Eden-Claremont (West),False,1376 INWOOD AVENUE,bbl
X01181103,Demolition,3. Permitted for Construction,2008291,2028560023,2,1378,INWOOD AVENUE,,2025.0,3.0,0,-3.0,,2025-02-19,2025-04-09,,3 Family,Full demolition to a three story house,40.840154743368615,-73.91903136964333,204,16,BX0403,Mount Eden-Claremont (West),False,1378 INWOOD AVENUE,bbl
X01207746,New Building,1. Filed Application,2803522,2028570006,2,1408,CROMWELL AVENUE,,,0.0,92,92.0,,2025-04-10,,,Other,APPLICATION FILED HEREWITH TO ERECT A NEW THIRTEEN STORY MIXED USE BUILDING WITH A TOTAL OF NINETY-TWO DWELLING UNITS,40.841138873524,-73.91908732042862,204,16,BX0403,Mount Eden-Claremont (West),False,1408 CROMWELL AVENUE,bbl
X01222014,Alteration,3. Permitted for Construction,2014289,2031980141,2,2366,DAVIDSON AVENUE,,2025.0,3.0,10,7.0,,2025-05-09,2025-10-31,,Other,PROPOSED INTERIOR RENOVATION CONVERTING EXISTING TWO STORY AND BASEMENT INTO A 10 UNIT RESIDENTIAL BUILDING,40.860537254621946,-73.90350806164689,207,14,BX0503,Fordham Heights,False,2366 DAVIDSON AVENUE,bbl_block
X01248963,Alteration,3. Permitted for Construction,2008694,2028720222,2,1513,JESUP AVENUE,,2026.0,2.0,10,8.0,,2025-07-02,2026-01-09,,Other,APPLICATION FILED HEREWITH TO CONVERT AN EXISTING THREE STORY TWO FAMILY BUILDING INTO A TEN FAMILY BUILDING,40.84384204644175,-73.91908064132109,204,16,BX0403,Mount Eden-Claremont (West),False,1513 JESUP AVENUE,bbl_block
X01285063,Demolition,1. Filed Application,2014241,2031980014,2,2310,GRAND AVENUE,,,1.0,0,-1.0,,2025-10-30,,,1 Family,Full demolition to a two story house,40.86046047274187,-73.90457507005777,207,14,BX0701,University Heights (North)-Fordham,False,2310 GRAND AVENUE,bbl_block
X01314575,New Building,1. Filed Application,2008281,2028550028,2,1261,JEROME AVENUE,,,0.0,23,23.0,,2025-12-10,,,Other,NEW BUILDING.   APPLICATION HEREWITH FILED FOR NEW 12 STORY 23 FAMILY APARTMENT BUILDING. AS PER PLANS.,40.83741857337265,-73.92095014866489,204,16,BX0403,Mount Eden-Claremont (West),False,1261 JEROME AVENUE,bbl
X00980633,Alteration,2. Approved Application,2008140,2028460037,2,1575,TOWNSEND AVENUE,,,49.0,46,-3.0,,2024-01-10,,,Other,INTERIOR RENOVATION OF EXISTING BUILDING. NEW FINISHES REPLACEMENT OF WINDOWS & DOORS. REPLACEMENT OF KITCHEN & BATHROOM FIXTURES. NEW LED INTERIOR & EXTERIOR LIGHTING. MINOR MASONRY REPAIR & MINOR FACADE WORK. ROOF/BULKHEAD/PARAPET WORK.,40.843896124094144,-73.91425437895961,204,16,BX0403,Mount Eden-Claremont (West),False,1575 TOWNSEND AVENUE,bbl_block
X01312591,Alteration,1. Filed Application,2008700,2028720261,2,1586,JESUP AVENUE,,,2.0,9,7.0,,2025-11-04,,,Other,PROPOSED INTERIOR RENOVATION CONVERTING EXISTING 2 STORY AND BASEMENT INTO A 9 UNIT RESIDENTIAL BUILDING,40.84549911780909,-73.91806990952566,205,14,BX0501,University Heights (South)-Morris Heights,False,1586 JESUP AVENUE,bbl_block
X08008823,New Building,3. Permitted for Construction,2008284,2028550051,2,1298,INWOOD AVENUE,,2024.0,0.0,0,0.0,,2022-10-12,2024-06-06,,Other,Herewith Filing Fifteen (15) Story New Building Building as per plans. Primary Use Group 3 - Non Profit w/ Sleeping Accommodations with Use Group 3 Daycare and Use Group 4 - Community Facility a the Ground Floor.,40.83821,-73.920002,204,16,BX0403,Mount Eden-Claremont (West),False,1298 INWOOD AVENUE,bbl
X08030027,New Building,3. Permitted for Construction,2817787,2031950021,2,30,WEST 182 STREET,,2023.0,0.0,11,11.0,,2023-01-30,2023-07-20,,Other,CONSTRUCTION OF A 7-STORY RESIDENTIAL NEW BUILDING.,40.857311,-73.906083,205,14,BX0501,University Heights (South)-Morris Heights,False,30 WEST 182 STREET,bbl_block
201043049,Alteration,5. Completed Construction,2008650,2028720028,2,1427,JESUP AVENUE,2010.0,2008.0,3.0,3,0.0,3.0,2006-03-23,2008-06-25,2010-07-20,C0,,40.841887602289454,-73.92055627946735,204,16,BX0403,Mount Eden-Claremont (West),True,1427 JESUP AVENUE,bbl_block
201105874,Alteration,5. Completed Construction,2118417,2031950174,2,7,CLINTON PLACE,2019.0,2007.0,2.0,2,0.0,2.0,2007-02-06,2007-06-07,2019-04-12,B3,PROPOSED ALT. I TO CHANGE METES AND BOUNDS  EXIST. TWO STORY AND BASEMEN BUILDING TWO FAMILY DWLLG. PARTIAL DEMO FILLED IN THIS APPLICATION.,40.8568224980854,-73.9055986772155,205,14,BX0501,University Heights (South)-Morris Heights,True,7 CLINTON PLACE,bbl_block
201106196,New Building,5. Completed Construction,2118416,2031950074,2,5,CLINTON PLACE,2019.0,2007.0,0.0,3,3.0,3.0,2007-02-07,2007-07-17,2019-05-23,C0,,40.85679157620552,-73.90550764862886,205,14,BX0501,University Heights (South)-Morris Heights,True,5 CLINTON PLACE,bbl_block
201091576,Alteration,5. Completed Construction,2008381,2028620003,2,43,WEST 177 STREET,2021.0,2007.0,2.0,3,1.0,3.0,2006-11-24,2007-01-02,2021-01-21,C0,"CONVERTING FROM 2 FAMILIES TO 3 FAMILIES. RESTORE EXTERIOR MASONRY AND BRICK WALL AT THIRD FLOOR,WITH NO ATTIC AND BUILD NEW ROOF OBTAIN NEW C OF O.",40.8506028557931,-73.91184887891582,205,14,BX0501,University Heights (South)-Morris Heights,True,43 WEST 177 STREET,bbl_block
210178225,New Building,5. Completed Construction,2129224,2028567501,2,1325,JEROME AVENUE,2021.0,2019.0,0.0,255,255.0,255.0,2018-06-15,2019-04-18,2021-05-24,R0,,40.83861707617746,-73.91926744988228,204,16,BX0403,Mount Eden-Claremont (West),True,1325 JEROME AVENUE,bbl_block
210025836,New Building,5. Completed Construction,2124719,2031960052,2,2254,GRAND AVENUE,2016.0,2008.0,0.0,3,3.0,3.0,2007-12-06,2008-04-24,2016-03-08,C0,,40.85849817016023,-73.905731779176,205,14,BX0501,University Heights (South)-Morris Heights,True,2254 GRAND AVENUE,bbl_block
210032016,New Building,5. Completed Construction,2120514,2028720007,2,1382,SHAKESPEARE AVENUE,2010.0,2008.0,0.0,127,127.0,127.0,2008-01-23,2008-07-01,2010-08-20,D1,,40.84186483183985,-73.92109710189096,204,16,BX0403,Mount Eden-Claremont (West),True,1382 SHAKESPEARE AVENUE,bbl_block
210182176,Alteration,5. Completed Construction,2008696,2028720230,2,1543,JESUP AVENUE,2023.0,2021.0,3.0,21,18.0,21.0,2020-11-09,2021-02-10,2023-04-26,C1,"TO BE ENLARGED VERTICALLY TO A 5 STORY AND PENTHOUSE, 21-UNIT RESIDENTIAL BUILDING WITH NO ON-SITE PARKING_AND THE FOLLOWING IN CONJUNCTION JOB #'S ST- X00440376, FN - X00440370, MH - X00440367, PL/SP X00440359.",40.84458374312769,-73.91878070204572,204,16,BX0403,Mount Eden-Claremont (West),True,1543 JESUP AVENUE,bbl_block
210182283,New Building,5. Completed Construction,2014087,2031870036,2,2351,WALTON AVENUE,2023.0,2021.0,0.0,61,61.0,61.0,2020-12-03,2021-05-26,2023-02-27,D1,,40.8600002764684,-73.9020821456303,205,14,BX0503,Fordham Heights,True,2351 WALTON AVENUE,bbl_block
210182390,New Building,5. Completed Construction,2131166,2028720071,2,1436,JESUP AVENUE,2025.0,2023.0,0.0,49,49.0,49.0,2021-01-25,2023-01-17,2025-01-23,D1,,40.84192258093447,-73.91992491608903,204,16,BX0403,Mount Eden-Claremont (West),True,1436 JESUP AVENUE,bbl_block
210182461,New Building,5. Completed Construction,2130902,2028720274,2,1548,JESUP AVENUE,2023.0,2022.0,0.0,10,10.0,10.0,2021-02-22,2022-03-29,2023-07-14,C1,,40.84461414828486,-73.91821806333584,204,16,BX0403,Mount Eden-Claremont (West),True,1548 JESUP AVENUE,bbl_block
210182470,New Building,5. Completed Construction,2130658,2028720275,2,1546,JESUP AVENUE,2023.0,2022.0,0.0,10,10.0,10.0,2021-02-22,2022-03-29,2023-07-14,C1,,40.84456162140711,-73.91822740712051,204,16,BX0403,Mount Eden-Claremont (West),True,1546 JESUP AVENUE,bbl_block
210182498,New Building,5. Completed Construction,2130659,2028720273,2,1550,JESUP AVENUE,2023.0,2022.0,0.0,16,16.0,16.0,2021-02-23,2022-03-29,2023-07-03,,,40.84466461652806,-73.9181371182918,204,16,BX0403,Mount Eden-Claremont (West),True,1550 JESUP AVENUE,bbl_block
210179634,New Building,5. Completed Construction,2129668,2028720148,2,1544,SHAKESPEARE AVENUE,2024.0,2021.0,0.0,116,116.0,116.0,2019-05-29,2021-06-22,2024-01-09,D7,,40.84577141884002,-73.91897249098476,205,14,BX0501,University Heights (South)-Morris Heights,True,1544 SHAKESPEARE AVENUE,bbl_block
210180819,New Building,3. Permitted for Construction,2130777,2028650134,2,1600,MACOMBS ROAD,,2024.0,0.0,244,244.0,,2020-02-13,2024-09-06,,V0,,40.845808,-73.916465,205,14,BX0501,University Heights (South)-Morris Heights,False,1600 MACOMBS ROAD,bbl_block
210180828,New Building,5. Completed Construction,2130750,2028650160,2,1600,GRAND AVENUE,2025.0,2022.0,0.0,326,326.0,326.0,2020-02-18,2022-06-21,2025-04-24,D1,,40.846168,-73.916454,205,14,BX0501,University Heights (South)-Morris Heights,True,1600 GRAND AVENUE,bbl_block
220102902,New Building,5. Completed Construction,2117719,2028720300,2,1482,JESUP AVENUE,2012.0,2011.0,0.0,3,3.0,3.0,2011-02-02,2011-05-10,2012-02-10,C0,,40.84299853932957,-73.91909397629163,204,16,BX0403,Mount Eden-Claremont (West),True,1482 JESUP AVENUE,bbl_block
220102911,New Building,5. Completed Construction,2119009,2028720301,2,1480,JESUP AVENUE,2012.0,2011.0,0.0,3,3.0,3.0,2011-02-02,2011-05-10,2012-02-07,C0,,40.84295387127624,-73.91912714641703,204,16,BX0403,Mount Eden-Claremont (West),True,1480 JESUP AVENUE,bbl_block
220151323,New Building,5. Completed Construction,2129079,2031790060,2,2065,WALTON AVENUE,2018.0,2015.0,0.0,90,90.0,90.0,2014-07-08,2015-06-01,2018-06-05,D1,,40.85396692565056,-73.90629856721552,205,14,BX0502,Mount Hope,True,2065 WALTON AVENUE,bbl_block
220151804,Alteration,5. Completed Construction,2003082,2025060044,2,1263,EDWARD L GRANT HIGHWAY,2022.0,2017.0,0.0,0,0.0,79.0,2015-06-01,2017-02-03,2022-01-07,H4,,40.837348476629664,-73.92268985175949,204,16,BX0402,Highbridge,True,1263 EDWARD L GRANT HIGHWAY,bbl
220166371,Alteration,5. Completed Construction,2014221,2031960079,2,12,WEST 183 STREET,2015.0,2013.0,2.0,2,0.0,2.0,2012-07-09,2013-04-11,2015-02-03,K9,"APPLICATION FILE TO CHANGE THE C OF O 1ST FLOOR CONVERT FROM CHURCH TO COMMERCIAL STORE. (USE GROUP 6) NO WORK UNDER THIS APPLICATION, WORK DONE WITH THE JOB NUMBER 220135486, OBTAINING NEW C OF O.THE HOUSE HAVE EXISTING C OF O NO-51193 DATE APRIL 22 1977",40.85837646641375,-73.90454301080742,205,14,BX0503,Fordham Heights,True,12 WEST 183 STREET,bbl_block
220357423,New Building,5. Completed Construction,2124607,2028620006,2,74,WEST TREMONT AVENUE,2017.0,2014.0,0.0,34,34.0,34.0,2014-02-04,2014-07-03,2017-01-04,D7,CONSTRUCT NEW APT BLDG,40.85089303672584,-73.9119245373502,205,14,BX0501,University Heights (South)-Morris Heights,True,74 WEST TREMONT AVENUE,bbl_block
220178260,New Building,5. Completed Construction,2128908,2031860076,2,2247,WALTON AVENUE,2017.0,2015.0,0.0,50,50.0,50.0,2012-04-06,2015-04-24,2017-05-03,D1,,40.85751135381974,-73.90357525486885,205,14,BX0503,Fordham Heights,True,2247 WALTON AVENUE,bbl_block
220393287,New Building,5. Completed Construction,2124683,2025060111,2,1282,SHAKESPEARE AVENUE,2017.0,2015.0,0.0,60,60.0,60.0,2014-07-09,2015-06-24,2017-08-28,D3,"CONSTRUCTION OF A NEW NINE-STORY BUILDING AND CELLAR PAA FILED TO REFLECT REAR YARD RE-DESIGN: RELOCATION OF PLANTERS, REAR PERIMET ER WALL WAS MOVED 8' FROM THE PROPERTY LINE. STRUCTURAL CALCULATIONS SHOWN AS PER COMMENTS MADE BY EXCAVATION UNIT. REVISED SCHEDULE B. NO CHANGE TO EGRESS, USE OR OCCUPANCY.",40.8394206163424,-73.92227229964872,204,16,BX0402,Highbridge,True,1282 SHAKESPEARE AVENUE,bbl_block
220321471,Demolition,5. Completed Construction,2128908,2031860076,2,2247,WALTON AVENUE,2013.0,2013.0,2.0,0,-2.0,,2013-07-18,2013-10-28,2013-10-28,D1,"FULL DEMOLITION OF 2 1/2 STORY WOOD FRAME STRUCTURE, USING MECHANICAL MEANS.",40.85751135381974,-73.90357525486885,205,14,BX0503,Fordham Heights,True,2247 WALTON AVENUE,bbl_block
220321480,Demolition,5. Completed Construction,2128908,2031860076,2,2203,WALTON AVENUE,2013.0,2013.0,2.0,0,-2.0,,2013-07-18,2013-10-28,2013-10-28,D1,FULL DEMOLITION OF ONE STORY WOODEN STRUCTURE USING HAND TOOLS ONLY.,40.85751557208801,-73.90361050745275,205,14,BX0503,Fordham Heights,True,2203 WALTON AVENUE,bbl_block
220225584,Demolition,5. Completed Construction,2091247,2025060081,2,1256,SHAKESPEARE AVENUE,2012.0,2012.0,3.0,0,-3.0,,2012-08-03,2012-08-27,2012-08-27,C1,COMPLETE DEMO AND REMOVAL AND BACK FIL,40.838511,-73.922719,204,16,BX0402,Highbridge,True,1256 SHAKESPEARE AVENUE,bbl_block
220465182,Demolition,5. Completed Construction,2129190,2028650122,2,29,FEATHERBED LANE,2016.0,2016.0,1.0,0,-1.0,,2015-07-30,2016-03-25,2016-03-25,D1,FULL DEMOLITION OF A 2-STORY HOUSE.  DEMO FILED IN CONJUNCTION WITH JOB #220465191.,40.846117,-73.914961,205,14,BX0501,University Heights (South)-Morris Heights,True,29 FEATHERBED LANE,bbl_block
220457805,Alteration,5. Completed Construction,2008383,2028620008,2,62,WEST TREMONT AVENUE,2023.0,2015.0,87.0,90,3.0,90.0,2015-05-15,2015-06-24,2023-07-14,C1,PROPOSE TO REHAB EXISTING RESIDENTIAL BUILDING. CHANGE NUMBER OF DWELLING UNITS FROM 87 TO 90. CONVERT EXISTING RETAIL STORES TO RESIDENTIAL ACCESSORY USE. COMMUNITY ROOM AND BUILDING OFFICE.,40.85112467368941,-73.91171804630709,205,14,BX0501,University Heights (South)-Morris Heights,True,62 WEST TREMONT AVENUE,bbl_block
220522682,New Building,5. Completed Construction,2129283,2025060100,2,1285,EDWARD L G HIGHWAY,2022.0,2017.0,0.0,29,29.0,29.0,2016-07-08,2017-10-30,2022-11-29,D1,,40.83851899806258,-73.92224866962857,204,16,BX0402,Highbridge,True,1285 EDWARD L G HIGHWAY,bbl_block
220238874,Demolition,5. Completed Construction,2014218,2031960069,2,33,BUCHANAN PLACE,2013.0,2013.0,2.0,0,-2.0,,2012-10-24,2013-02-28,2013-02-28,V0,DEMOLITION OF PARTIALLY COLLAPSED 3 STORY STRUCTURE,40.858373,-73.905532,205,14,BX0501,University Heights (South)-Morris Heights,True,33 BUCHANAN PLACE,bbl_block
220586248,Demolition,5. Completed Construction,2129190,2028650122,2,31,FEATHERBED LANE,2017.0,2017.0,1.0,0,-1.0,,2017-06-15,2017-08-25,2017-08-25,V0,FULL DEMOLITION OF A 3 STORY FRAME HOUSE IN CONJUNCTION WITH DEMOLITION #220601025,40.846117,-73.914961,205,14,BX0501,University Heights (South)-Morris Heights,True,31 FEATHERBED LANE,bbl_block
220649626,Demolition,5. Completed Construction,2131062,2028720120,2,1472,SHAKESPEARE AVENUE,2018.0,2018.0,1.0,0,-1.0,,2018-05-17,2018-10-03,2018-10-03,D1,CONTROLLED DEMOLITION WITH ASBESTOS IN PLACE.,40.843708,-73.919695,204,16,BX0403,Mount Eden-Claremont (West),True,1472 SHAKESPEARE AVENUE,bbl_block
220609429,Demolition,5. Completed Construction,2014087,2031870036,2,2351,WALTON AVENUE,2018.0,2018.0,2.0,0,-2.0,,2017-08-02,2018-09-11,2018-09-11,D1,"FILE HEREWITH A FULL HAND DEMOLITION FOR 2 1/2 STORY BRICK, STUCCO AND DEMO OF FOUNDATION AND FOOTINGS WORK TO BE DONE UNDER THIS APPLICATION.",40.8600002764684,-73.9020821456303,205,14,BX0503,Fordham Heights,True,2351 WALTON AVENUE,bbl_block
220696511,Demolition,5. Completed Construction,2129668,2028720148,2,1544,SHAKESPEARE AVENUE,2019.0,2019.0,1.0,0,-1.0,,2019-04-03,2019-12-10,2019-12-10,D7,PROPOSED FULL DEMOLITION OF TWO STORY BUILDING,40.845725,-73.918937,205,14,BX0501,University Heights (South)-Morris Heights,True,1544 SHAKESPEARE AVENUE,bbl_block
220696548,Demolition,5. Completed Construction,2129668,2028720148,2,1542,SHAKESPEARE AVENUE,2019.0,2019.0,2.0,0,-2.0,,2019-04-03,2019-12-10,2019-12-10,D7,PROPOSED FULL DEMOLITION OF THREE STORY BUILDING,40.845725,-73.918937,205,14,BX0501,University Heights (South)-Morris Heights,True,1542 SHAKESPEARE AVENUE,bbl_block
220707885,New Building,3. Permitted for Construction,2091247,2025060081,2,1256,SHAKESPEARE AVENUE,,2024.0,0.0,13,13.0,,2019-06-28,2024-08-26,,C1,,40.838511,-73.922719,204,16,BX0402,Highbridge,False,1256 SHAKESPEARE AVENUE,bbl_block
220718043,New Building,5. Completed Construction,2088424,2031980045,2,29,EVELYN PLACE,2022.0,2021.0,0.0,11,11.0,11.0,2019-12-17,2021-12-07,2022-11-04,C1,,40.85958917403497,-73.90459839369528,207,14,BX0701,University Heights (North)-Fordham,True,29 EVELYN PLACE,bbl_block
220720138,Demolition,5. Completed Construction,2008433,2028650134,2,1600,MACOMBS ROAD,2021.0,2021.0,0.0,0,0.0,,2020-05-13,2021-10-28,2021-10-28,V0,"FULL DEMOLITION OF THREE STORY STRUCTURE USING HAND HELD AND MECHANICAL TO ASSIST WITH STRUCTURAL ON GRADE, LOADING OUT OF DEBRIS AND BACK-FILL SITE.",40.845808,-73.916465,205,14,BX0501,University Heights (South)-Morris Heights,True,1600 MACOMBS ROAD,bbl_block
220736498,Demolition,5. Completed Construction,2091246,2025060081,2,1256 REAR,SHAKESPEARE AVENUE,2022.0,2022.0,1.0,0,-1.0,,2021-01-11,2022-10-27,2022-10-27,C1,FULL DEMOLITION OF 2 STORY FRAME BUILDING IN THE REAR OF PROPERTY.,40.838511,-73.922719,204,16,BX0402,Highbridge,True,1256 REAR SHAKESPEARE AVENUE,bbl_block
220737941,Demolition,5. Completed Construction,2130902,2028720274,2,1548,JESUP AVENUE,2022.0,2022.0,1.0,0,-1.0,,2021-05-20,2022-01-20,2022-01-20,C1,DEMOLITION OF A TWO STORY HOUSE,40.844599,-73.918162,204,16,BX0403,Mount Eden-Claremont (West),True,1548 JESUP AVENUE,bbl_block
220739137,Demolition,5. Completed Construction,2003100,2025060125,2,76,WEST 170 STREET,2022.0,2022.0,2.0,0,-2.0,,2021-12-03,2022-04-08,2022-04-08,D7,,40.840095,-73.92185,204,16,BX0402,Highbridge,True,76 WEST 170 STREET,bbl_block
220739146,Demolition,5. Completed Construction,2129796,2025060125,2,78,WEST 170 STREET,2022.0,2022.0,2.0,0,-2.0,,2021-12-02,2022-04-06,2022-04-06,D7,,40.84009780501192,-73.92185815309105,204,16,BX0402,Highbridge,True,78 WEST 170 STREET,bbl_block
220739565,Demolition,5. Completed Construction,2130883,2025060082,2,1262,SHAKESPEARE AVENUE,2022.0,2022.0,1.0,0,-1.0,,2021-11-22,2022-04-12,2022-04-12,V0,FULL DEMOLITION TO A ONE STORY BUILDING,40.838693,-73.922607,204,16,BX0402,Highbridge,True,1262 SHAKESPEARE AVENUE,bbl_block
220739805,Demolition,5. Completed Construction,2130883,2025060082,2,1258,SHAKESPEARE AVENUE,2022.0,2022.0,2.0,0,-2.0,,2022-02-11,2022-06-01,2022-06-01,D1,FULL DEMOLITION TO A TWO STORY HOUSE,40.838693,-73.922607,204,16,BX0402,Highbridge,True,1258 SHAKESPEARE AVENUE,bbl_block
220739878,Demolition,5. Completed Construction,2008659,2028720070,2,1440,JESUP AVENUE,2022.0,2022.0,1.0,0,-1.0,,2021-12-23,2022-05-11,2022-05-11,V0,FULL DEMOLITION TO A TWO STORY HOUSE,40.841798,-73.920008,204,16,BX0403,Mount Eden-Claremont (West),True,1440 JESUP AVENUE,bbl_block
220739887,Demolition,5. Completed Construction,2008659,2028720070,2,1438,JESUP AVENUE,2022.0,2022.0,2.0,0,-2.0,,2021-12-23,2022-05-11,2022-05-11,V0,FULL DEMOLITION TO A TWO STORY HOUSE,40.841798,-73.920008,204,16,BX0403,Mount Eden-Claremont (West),True,1438 JESUP AVENUE,bbl_block
220739896,Demolition,5. Completed Construction,2131166,2028720071,2,1436,JESUP AVENUE,2022.0,2022.0,1.0,0,-1.0,,2022-05-19,2022-05-31,2022-05-31,D1,FULL DEMOLITION TO A THREE STORY HOUSE,40.841886,-73.919878,204,16,BX0403,Mount Eden-Claremont (West),True,1436 JESUP AVENUE,bbl_block
220740474,Demolition,5. Completed Construction,2008159,2028480024,2,1677,TOWNSEND AVENUE,2021.0,2021.0,3.0,0,-3.0,,2021-08-16,2021-12-28,2021-12-28,D1,FULL DEMOLITION OF TWO STORY STRUCTURE TO MAKE PLACE FOR NEW CONSTRUCTION,40.84595327256616,-73.91278690470804,205,14,BX0502,Mount Hope,True,1677 TOWNSEND AVENUE,bbl_block
240296657,New Building,5. Completed Construction,2129747,2025060054,2,1245,EDWARD L GRANT HIGHWAY,2023.0,2022.0,0.0,110,110.0,110.0,2020-12-07,2022-02-08,2023-10-18,D1,,40.836977366823305,-73.9226927820206,204,16,BX0402,Highbridge,True,1245 EDWARD L GRANT HIGHWAY,bbl
220620601,New Building,5. Completed Construction,2128894,2031960066,2,27,BUCHANAN PLACE,2020.0,2018.0,0.0,25,25.0,25.0,2017-11-08,2018-07-11,2020-08-03,D7,,40.85826589735064,-73.90535294584095,205,14,BX0501,University Heights (South)-Morris Heights,True,27 BUCHANAN PLACE,bbl_block
220673162,New Building,5. Completed Construction,2129190,2028650122,2,29,FEATHERBED LANE,2025.0,2021.0,0.0,160,160.0,160.0,2018-11-14,2021-10-27,2025-06-26,D1,,40.8460842422866,-73.91498265665241,205,14,BX0501,University Heights (South)-Morris Heights,True,29 FEATHERBED LANE,bbl_block
220628523,Demolition,5. Completed Construction,2129185,2028490063,2,1728,TOWNSEND AVENUE,2018.0,2018.0,1.0,0,-1.0,,2017-12-28,2018-10-26,2018-10-26,D1,FULL DEMOLITION OF A 2 STORY FRAME HOUSE,40.846924,-73.911429,205,14,BX0502,Mount Hope,True,1728 TOWNSEND AVENUE,bbl_block
220633223,Alteration,5. Completed Construction,2014083,2031870007,2,2314,JEROME AVENUE,2022.0,2021.0,0.0,0,0.0,20.0,2020-05-20,2021-04-09,2022-06-24,D1,,40.859106098936216,-73.90307122811676,205,14,BX0503,Fordham Heights,True,2314 JEROME AVENUE,bbl
220635034,New Building,5. Completed Construction,2129185,2028490063,2,1728,TOWNSEND AVENUE,2021.0,2019.0,0.0,22,22.0,22.0,2018-03-26,2019-04-30,2021-06-14,D1,,40.846924,-73.911429,205,14,BX0502,Mount Hope,True,1728 TOWNSEND AVENUE,bbl_block
301997329,Alteration,5. Completed Construction,3087996,3039540018,3,2964,FULTON STREET,2011.0,2005.0,1.0,2,1.0,2.0,2005-08-22,2005-10-27,2011-04-29,B1,To convert existing doctor's office to one family dewlling unit at first floor. Horizontal extension on first floor. Obtain new c of o.,40.67958103491663,-73.8852855999003,305,37,BK0501,Cypress Hills,True,2964 FULTON STREET,bbl_block
302068438,Alteration,3. Permitted for Construction,3093168,3041540027,3,285,LOGAN STREET,,2006.0,2.0,2,0.0,,2006-01-31,2006-02-02,,S2,Proposed to convert existing Basement floor to Professional Office with garage. Obtain New C of O,40.67934637849393,-73.87709901716306,305,37,BK0502,East New York (North),False,285 LOGAN STREET,bbl_block
302162022,New Building,5. Completed Construction,3088808,3039950032,3,2263,PITKIN AVENUE,2022.0,2006.0,0.0,3,3.0,3.0,2006-05-24,2006-06-06,2022-09-15,C0,,40.67311070650688,-73.88897376042311,305,42,BK0502,East New York (North),True,2263 PITKIN AVENUE,bbl_block
302140662,New Building,5. Completed Construction,3402310,3041900040,3,148,FOUNTAIN AVENUE,2011.0,2009.0,0.0,2,2.0,2.0,2006-04-05,2009-12-22,2011-05-04,B1,,40.676560381338064,-73.87597083136629,305,37,BK0502,East New York (North),True,148 FOUNTAIN AVENUE,bbl_block
302183759,Alteration,5. Completed Construction,3093196,3041540087,3,88,FOUNTAIN AVENUE,2010.0,2007.0,3.0,3,0.0,3.0,2006-06-14,2007-05-01,2010-02-24,C0,"FILING FOR COMPLETE INTERIOR RENOVATIONOF EXISTING BUILDING.  NO CHANGE  IN EGRESS, USE AND/OR OCCUPANCY.",40.67803010538575,-73.87625298259546,305,37,BK0502,East New York (North),True,88 FOUNTAIN AVENUE,bbl_block
302183795,Alteration,5. Completed Construction,3089282,3040200016,3,428,SHEPHERD AVENUE,2010.0,2007.0,2.0,2,0.0,2.0,2006-06-14,2007-05-01,2010-04-29,B2,FILING FOR COMPLETE INTERIOR RENOVATIONAND IMPROVEMENTS OF EXISTING BUI LDING.,40.67389887312154,-73.88097576855985,305,42,BK0502,East New York (North),True,428 SHEPHERD AVENUE,bbl
302189502,New Building,5. Completed Construction,3394600,3039990032,3,2359,PITKIN AVENUE,2019.0,2006.0,0.0,3,3.0,3.0,2006-07-07,2006-07-11,2019-02-15,C0,,40.67368498917939,-73.88540955884835,305,42,BK0502,East New York (North),True,2359 PITKIN AVENUE,bbl_block
302233189,New Building,5. Completed Construction,3094551,3042080017,3,886,GLENMORE AVENUE,2021.0,2016.0,0.0,3,3.0,3.0,2006-09-21,2016-10-18,2021-01-14,C0,,40.67580846118023,-73.8772515462959,305,42,BK0502,East New York (North),True,886 GLENMORE AVENUE,bbl_block
302239487,Alteration,5. Completed Construction,3087997,3039540019,3,2966,FULTON STREET,2011.0,2007.0,2.0,2,0.0,2.0,2006-11-01,2007-11-28,2011-01-13,K4,"GUT REHABILITAION OF EXISTING RESIDENTIAL/ COMMERCIAL BUILDING. WORK INCLUDES NEW STAIRS, NEW LAYOUT AND WOOD JOIST REPLACEMENT. NEW PLUMBING &amp; HEATING. INCLUDE NEW BOILER INSTALLATION.",40.67958371053946,-73.8851943894993,305,37,BK0501,Cypress Hills,True,2966 FULTON STREET,bbl_block
302261031,New Building,5. Completed Construction,3088390,3039710047,3,737,LIBERTY AVENUE,2015.0,2007.0,0.0,3,3.0,3.0,2006-11-21,2007-03-21,2015-05-08,C1,,40.67661911326604,-73.88259096899995,305,37,BK0501,Cypress Hills,True,737 LIBERTY AVENUE,bbl_block
302366570,New Building,5. Completed Construction,3397036,3039777501,3,509,GLENMORE AVENUE,2010.0,2008.0,0.0,12,12.0,12.0,2007-07-11,2008-08-01,2010-12-14,R0,PAA,40.67408430431706,-73.89134261001676,305,37,BK0502,East New York (North),True,509 GLENMORE AVENUE,bbl_block
302328522,New Building,5. Completed Construction,3396924,3039830125,3,296,ASHFORD STREET,2011.0,2007.0,0.0,2,2.0,2.0,2007-04-17,2007-11-27,2011-01-28,B2,,40.67519536625446,-73.88568251030503,305,37,BK0502,East New York (North),True,296 ASHFORD STREET,bbl_block
310055702,New Building,5. Completed Construction,3397490,3041900025,3,902,LIBERTY AVENUE,2010.0,2008.0,0.0,47,47.0,47.0,2007-11-27,2008-11-20,2010-10-25,D9,,40.677201528613566,-73.87629981067116,305,37,BK0502,East New York (North),True,902 LIBERTY AVENUE,bbl_block
310106186,New Building,5. Completed Construction,3422276,3040080021,3,878,GLENMORE AVENUE,2015.0,2012.0,0.0,3,3.0,3.0,2008-03-14,2012-06-22,2015-05-18,C0,,40.67572759307671,-73.87760043794344,305,42,BK0502,East New York (North),True,878 GLENMORE AVENUE,bbl_block
320196676,New Building,5. Completed Construction,3398481,3041540008,3,341,LOGAN STREET,2013.0,2011.0,0.0,3,3.0,3.0,2010-07-30,2011-08-04,2013-02-19,B2,,40.67807593680753,-73.87676118221995,305,37,BK0502,East New York (North),True,341 LOGAN STREET,bbl_block
320176171,Alteration,5. Completed Construction,3093157,3041540007,3,339,LOGAN STREET,2012.0,2011.0,2.0,2,0.0,2.0,2010-06-17,2011-02-17,2012-12-12,B2,,40.67813251330089,-73.87677847492981,305,37,BK0502,East New York (North),True,339 LOGAN STREET,bbl_block
320422048,New Building,5. Completed Construction,3087925,3039520027,3,156,ASHFORD STREET,2013.0,2012.0,0.0,4,4.0,4.0,2012-02-06,2012-09-25,2013-11-19,S4,,40.678875589139125,-73.88663650126968,305,37,BK0501,Cypress Hills,True,156 ASHFORD STREET,bbl_block
320373528,New Building,5. Completed Construction,3422260,3040060031,3,176,ATKINS AVENUE,2013.0,2012.0,0.0,2,2.0,2.0,2012-02-10,2012-06-27,2013-11-21,B1,,40.67476374627242,-73.87932675945562,305,42,BK0502,East New York (North),True,176 ATKINS AVENUE,bbl_block
320461308,Alteration,5. Completed Construction,3088142,3039580011,3,193,SHEPHERD AVENUE,2016.0,2015.0,2.0,2,0.0,2.0,2012-04-11,2015-04-23,2016-08-30,B1,TO OBTAIN CERTIFIED OF OCCUPANCY FOR AN EXISTING 2 FAMILY DWELLING.  INSTALL NEW PLUMBING FIXTURES IN CELLAR.,40.68006330959948,-73.88157375828163,305,37,BK0501,Cypress Hills,True,193 SHEPHERD AVENUE,bbl_block
320548252,Alteration,5. Completed Construction,3087923,3039520023,3,2930,FULTON STREET,2013.0,2012.0,2.0,4,2.0,4.0,2012-08-24,2012-12-03,2013-12-23,K4,"CHANGE USE FROM MANUFACTURING TO COMMERCIAL ON FIRST FLOOR, COMMUNITY FACILITY ON SECOND FLOOR AND TWO FAMILY DWELLING ON THIRD FLOOR. OBTAIN NEW C OF O",40.67912321642334,-73.88657014748956,305,37,BK0501,Cypress Hills,True,2930 FULTON STREET,bbl_block
320550186,New Building,5. Completed Construction,3397849,3039830010,3,327,WARWICK STREET,2019.0,2014.0,0.0,2,2.0,2.0,2012-08-29,2014-07-24,2019-12-10,B1,,40.67581810023969,-73.88627623267685,305,37,BK0502,East New York (North),True,327 WARWICK STREET,bbl_block
320550195,New Building,5. Completed Construction,3397850,3039830011,3,329,WARWICK STREET,2019.0,2014.0,0.0,2,2.0,2.0,2012-08-29,2014-11-18,2019-12-10,B1,,40.67576345518816,-73.88626230154351,305,37,BK0502,East New York (North),True,329 WARWICK STREET,bbl_block
320550202,New Building,5. Completed Construction,3397851,3039830012,3,331,WARWICK STREET,2019.0,2014.0,0.0,2,2.0,2.0,2012-08-29,2014-11-18,2019-12-10,B1,,40.675708806401474,-73.88624846087681,305,37,BK0502,East New York (North),True,331 WARWICK STREET,bbl_block
320550211,New Building,5. Completed Construction,3397852,3039830013,3,333,WARWICK STREET,2019.0,2014.0,0.0,2,2.0,2.0,2012-08-29,2014-07-24,2019-12-10,B1,,40.675654163954086,-73.88623419940765,305,37,BK0502,East New York (North),True,333 WARWICK STREET,bbl_block
320550220,New Building,5. Completed Construction,3397853,3039830014,3,335,WARWICK STREET,2019.0,2014.0,0.0,2,2.0,2.0,2012-08-29,2014-07-24,2019-12-10,B1,,40.6755994082974,-73.88621984206962,305,37,BK0502,East New York (North),True,335 WARWICK STREET,bbl_block
320819708,Alteration,5. Completed Construction,3426956,3039770032,3,531,GLENMORE AVENUE,2023.0,2015.0,0.0,3,3.0,3.0,2014-06-03,2015-05-19,2023-07-17,C0,,40.674185,-73.890864,305,37,BK0502,East New York (North),True,531 GLENMORE AVENUE,bbl_block
320819717,Alteration,5. Completed Construction,3327140,3039770033,3,527,GLENMORE AVENUE,2023.0,2015.0,0.0,2,2.0,2.0,2014-06-03,2015-06-02,2023-08-14,B9,OBTAIN NEW CO AS 2-FAMILY DWELLING AS A RESULT OF LOT SUBDIVISION. PROPOSE 2 STORY HORIZONTAL ENLARGEMENT.,40.67412346887548,-73.8908738523926,305,37,BK0502,East New York (North),True,527 GLENMORE AVENUE,bbl_block
320915630,New Building,5. Completed Construction,3426517,3039520022,3,2926,FULTON STREET,2019.0,2017.0,0.0,3,3.0,3.0,2014-04-25,2017-04-10,2019-05-14,S3,,40.67909888509966,-73.88670464732967,305,37,BK0501,Cypress Hills,True,2926 FULTON STREET,bbl_block
321184446,New Building,5. Completed Construction,3428606,3041437501,3,250,EUCLID AVENUE,2024.0,2021.0,0.0,403,403.0,403.0,2017-01-27,2021-07-01,2024-02-01,R0,,40.682562696542085,-73.87461975875902,305,37,BK0501,Cypress Hills,True,250 EUCLID AVENUE,bbl_block
321184491,New Building,5. Completed Construction,3328398,3039710049,3,735,LIBERTY AVENUE,2021.0,2019.0,0.0,10,10.0,10.0,2017-02-02,2019-01-17,2021-12-07,C7,"PROPOSED NEW 4 STORY AND CELLAR BUILDING, 10 RESIDENTIAL UNITS, 1 STORE ON FIRST FLOOR",40.67663228870298,-73.88269379992984,305,37,BK0501,Cypress Hills,True,735 LIBERTY AVENUE,bbl_block
321184507,Alteration,5. Completed Construction,3088390,3039710047,3,737,LIBERTY AVENUE,2020.0,2018.0,3.0,10,7.0,10.0,2017-02-02,2018-09-18,2020-04-16,C1,"PROPOSED HORIZONTAL AND VERTICAL ENLARGEMENT OF EXISTING 3 STORY, 3 UNITS AND 1 STORE BUILDING; NEW 4TH FLOOR AND REAR EXTENSION TO CREATE 10 CLASS A APARTMENTS.",40.67661911326604,-73.88259096899995,305,37,BK0501,Cypress Hills,True,737 LIBERTY AVENUE,bbl_block
321193944,New Building,5. Completed Construction,3425163,3039710019,3,315,LINWOOD STREET,2020.0,2018.0,0.0,100,100.0,100.0,2017-06-29,2018-06-28,2020-05-27,D6,A 10 STORY NEW BUILDING,40.678034198869554,-73.88335150301509,305,37,BK0501,Cypress Hills,True,315 LINWOOD STREET,bbl_block
321384337,New Building,5. Completed Construction,3426287,3041547501,3,265,LOGAN STREET,2025.0,2022.0,0.0,343,343.0,343.0,2018-09-17,2022-09-29,2025-03-20,R0,,40.67973195056644,-73.8769275791718,305,37,BK0502,East New York (North),True,265 LOGAN STREET,bbl_block
321400462,Alteration,5. Completed Construction,3088475,3039770001,3,275,MILLER AVENUE,2021.0,2017.0,0.0,7,7.0,7.0,2016-06-08,2017-04-26,2021-07-22,C1,CONVERSION TO 7-UNIT RESIDENCE,40.67432115710339,-73.89139230462835,305,37,BK0502,East New York (North),True,275 MILLER AVENUE,bbl_block
321595350,New Building,5. Completed Construction,3428583,3039560059,3,190,ESSEX STREET,2023.0,2020.0,0.0,15,15.0,15.0,2019-10-17,2020-09-22,2023-09-21,C1,,40.67975198058772,-73.88302208496825,305,37,BK0501,Cypress Hills,True,190 ESSEX STREET,bbl_block
321595699,New Building,1. Filed Application,3252981,3042080010,3,175,MILFORD STREET,,,0.0,3,3.0,,2019-11-07,,,V0,,40.675343,-73.87699,305,42,BK0502,East New York (North),False,175 MILFORD STREET,bbl_block
321595859,New Building,1. Filed Application,3252982,3042080035,3,446,LOGAN STREET,,,0.0,3,3.0,,2019-11-13,,,V0,,40.675282,-73.876611,305,42,BK0502,East New York (North),False,446 LOGAN STREET,bbl_block
321621937,New Building,3. Permitted for Construction,3424449,3039850001,3,395,CLEVELAND STREET,,2023.0,0.0,3,3.0,,2017-07-14,2023-05-08,,C0,,40.675208,-73.884424,305,37,BK0502,East New York (North),False,395 CLEVELAND STREET,bbl_block
321621946,New Building,3. Permitted for Construction,3429478,3039850003,3,389,CLEVELAND STREET,,2023.0,0.0,3,3.0,,2017-07-14,2023-04-28,,C0,,40.675307,-73.884387,305,37,BK0502,East New York (North),False,389 CLEVELAND STREET,bbl_block
321635637,New Building,5. Completed Construction,3426568,3040060013,3,820,GLENMORE AVENUE,2020.0,2019.0,0.0,79,79.0,79.0,2017-08-09,2019-01-16,2020-09-09,D3,,40.67542760488027,-73.87960152219004,305,42,BK0502,East New York (North),True,820 GLENMORE AVENUE,bbl_block
321660332,New Building,5. Completed Construction,3319656,3040030035,3,2437,PITKIN AVENUE,2020.0,2019.0,0.0,32,32.0,32.0,2017-09-27,2019-01-04,2020-10-30,D6,,40.67413761612905,-73.8824654009287,305,42,BK0502,East New York (North),True,2437 PITKIN AVENUE,bbl_block
321731453,Alteration,5. Completed Construction,3088748,3039910037,3,849,GLENMORE AVENUE,2021.0,2019.0,1.0,2,1.0,2.0,2018-08-24,2019-07-18,2021-02-18,B3,"CELLAR, 1ST FLOOR AND 2ND FLOOR + INTERIOR WORK + CONCERSION FROM ONE TO TWO FAMILY DWELLING.",40.67588815192693,-73.8788326345186,305,37,BK0502,East New York (North),True,849 GLENMORE AVENUE,bbl_block
321703705,Demolition,5. Completed Construction,3087869,3039500047,3,2863,ATLANTIC AVENUE,2018.0,2018.0,2.0,0,-2.0,,2018-01-11,2018-04-26,2018-04-26,V1,THIS IS A FULL DEMOLITION OF 2 STORY MIXED RESIDENTIAL AND COMMERCIAL BUILDING. PLANS SUBMITTED.   FENCE FILED UNDER SEPARATE APPLICATION.,40.677293,-73.888487,305,37,BK0501,Cypress Hills,True,2863 ATLANTIC AVENUE,bbl_block
321718361,Demolition,5. Completed Construction,3328398,3039710049,3,735,LIBERTY AVENUE,2018.0,2018.0,1.0,0,-1.0,,2018-05-23,2018-07-25,2018-07-25,C7,FULL DEMOLITION OF EXISTING BUILDING,40.67663228870298,-73.88269379992984,305,37,BK0501,Cypress Hills,True,735 LIBERTY AVENUE,bbl_block
321718414,Demolition,5. Completed Construction,3328398,3039710049,3,735 REAR,LIBERTY AVENUE,2018.0,2018.0,1.0,0,-1.0,,2018-05-29,2018-07-25,2018-07-25,C7,FULL DEMOLITION OF EXISTING BUILDING,40.67667025430372,-73.8827010699022,305,37,BK0501,Cypress Hills,True,735 REAR LIBERTY AVENUE,bbl_block
321813524,New Building,3. Permitted for Construction,3380644,3041930129,3,30,DOSCHER STREET,,2022.0,0.0,2,2.0,,2018-07-24,2022-06-21,,B2,,40.6768974652536,-73.8734148254778,305,37,BK0505,East New York-City Line,False,30 DOSCHER STREET,bbl_block
321904631,New Building,5. Completed Construction,3088392,3039710051,3,729,LIBERTY AVENUE,2021.0,2020.0,0.0,10,10.0,10.0,2019-01-10,2020-06-01,2021-12-22,C7,,40.67660891507859,-73.88287036938193,305,37,BK0501,Cypress Hills,True,729 LIBERTY AVENUE,bbl_block
321835430,New Building,5. Completed Construction,3088675,3039870010,3,720,LIBERTY AVENUE,2023.0,2021.0,0.0,10,10.0,10.0,2018-09-21,2021-01-12,2023-01-20,C7,,40.67621774132951,-73.88304766559052,305,37,BK0502,East New York (North),True,720 LIBERTY AVENUE,bbl_block
321931898,Demolition,5. Completed Construction,3088392,3039710051,3,729,LIBERTY AVENUE,2019.0,2019.0,2.0,0,-2.0,,2019-03-12,2019-12-05,2019-12-05,C7,PROPOSE FULL DEMOLITION OF EXISTING TWO STORY FRAMED BUILDING WITH BASEMENT.,40.67660891507859,-73.88287036938193,305,37,BK0501,Cypress Hills,True,729 LIBERTY AVENUE,bbl_block
321974388,New Building,5. Completed Construction,3425604,3039600046,3,234,NORWOOD AVENUE,2024.0,2023.0,0.0,6,6.0,6.0,2019-06-28,2023-01-06,2024-09-05,C2,,40.68035945500044,-73.87916678802048,305,37,BK0501,Cypress Hills,True,234 NORWOOD AVENUE,bbl_block
321979702,Demolition,5. Completed Construction,3088722,3039890007,3,341,SHEPHERD AVENUE,2022.0,2022.0,2.0,0,-2.0,,2019-08-12,2022-01-10,2022-01-10,V0,DEMOLITION OF A TWO STORY HOUSE,40.676215,-73.881029,305,37,BK0502,East New York (North),True,341 SHEPHERD AVENUE,bbl_block
322039888,New Building,5. Completed Construction,3430261,3039520020,3,2922,FULTON STREET,2025.0,2022.0,0.0,7,7.0,7.0,2020-02-25,2022-05-11,2025-09-09,D6,,40.67900780616601,-73.88686815009952,305,37,BK0501,Cypress Hills,True,2922 FULTON STREET,bbl_block
322102176,Demolition,5. Completed Construction,3430036,3039710050,3,731,LIBERTY AVENUE,2022.0,2022.0,1.0,0,-1.0,,2021-11-22,2022-04-07,2022-04-07,C7,FULL DEMOLITION TO A TWO STORY BUILDING,40.676656,-73.882795,305,37,BK0501,Cypress Hills,True,731 LIBERTY AVENUE,bbl_block
322098207,Demolition,5. Completed Construction,3088947,3040030003,3,447,LINWOOD STREET,2022.0,2022.0,2.0,0,-2.0,,2021-07-19,2022-03-22,2022-03-22,V0,DEMOLITION OF STRUCTURE,40.674446,-73.882464,305,42,BK0502,East New York (North),True,447 LINWOOD STREET,bbl_block
322106911,Demolition,5. Completed Construction,3429466,3039890001,3,353,SHEPHERD AVENUE,2022.0,2022.0,1.0,0,-1.0,,2022-07-14,2022-10-31,2022-10-31,V0,PROPOSE FULL DEMOLITION OF ONE-STORY DETACHED RESIDENTIAL BUILDING USING NON-MECHANICAL MEANS.,40.675756,-73.880915,305,37,BK0502,East New York (North),True,353 SHEPHERD AVENUE,bbl_block
322106957,Demolition,5. Completed Construction,3429466,3039890001,3,355,SHEPHERD AVENUE,2022.0,2022.0,1.0,0,-1.0,,2022-07-14,2022-10-31,2022-10-31,D1,PROPOSE FULL DEMOLITION OF ONE-STORY RESIDENTIAL BUILDING USING NON-MECHANICAL MEANS.,40.675756,-73.880915,305,37,BK0502,East New York (North),True,355 SHEPHERD AVENUE,bbl_block
322114555,Alteration,1. Filed Application,3088725,3039890018,3,94,BERRIMAN STREET,,,3.0,3,0.0,,2024-06-11,,,C3,FILING ALT 1 NO WORK APPLICATION IN CONJUNCTION WITH NB APPLICATION #B00670629-I1  TO UPDATE PROPERTY MEETS AND BOUNDS,40.67652653104268,-73.88066396747217,305,37,BK0502,East New York (North),False,94 BERRIMAN STREET,bbl_block
322114564,Alteration,1. Filed Application,3088723,3039890009,3,339,SHEPHERD AVENUE,,,2.0,2,0.0,,2024-06-11,,,B2,FILING ALT 1 NO WORK APPLICATION IN CONJUNCTION WITH NB APPLICATION #B00670629-I1  TO UPDATE PROPERTY MEETS AND BOUNDS,40.676303322716194,-73.88111903174736,305,37,BK0502,East New York (North),False,339 SHEPHERD AVENUE,bbl_block
321187069,New Building,5. Completed Construction,3319652,3040010001,3,437,CLEVELAND STREET,2019.0,2017.0,0.0,2,2.0,2.0,2016-04-27,2017-09-28,2019-08-28,B1,PROPOSED NEW TWO (2)- STORY RESIDENTIAL BUILDING WITH CELLAR. TWO (2)DWELLING UNITS. UNDERPINNING &amp; SHORING IS REQUIRED FOR 441 CLEVELAND S BUILDING. OBTAIN NEW CERTIFICATE OF OCCUPANCY,40.6740629001293,-73.88409596548689,305,42,BK0502,East New York (North),True,437 CLEVELAND STREET,bbl_block
321189138,New Building,5. Completed Construction,3428798,3041540061,3,32,FOUNTAIN AVENUE,2020.0,2018.0,0.0,7,7.0,7.0,2016-11-01,2018-02-28,2020-08-13,C1,,40.679293913927786,-73.87660196383894,305,37,BK0502,East New York (North),True,32 FOUNTAIN AVENUE,bbl_block
