Job_Number,Job_Type,Job_Status,BIN,BBL,Boro,AddressNum,AddressSt,CompltYear,PermitYear,ClassAInit,ClassAProp,ClassANet,Units_CO,DateFiled,DatePermit,DateComplt,Bldg_Class,Job_Desc,Latitude,Longitude,hdb_completed,hdb_address,scope_via,pluto_current_bbl,bbl_sunsetted
X00486240,Alteration,3. Permitted for Construction,2008709,2028720302,2,1476,JESUP AVENUE,,2022.0,3.0,20,17.0,,2021-03-22,2022-01-12,,Other,VERTICAL EXTENSION TO AN EXISTING TWO STORY & CELLAR BRICK BUILDING,40.84288708091348,-73.91918435433801,False,1476 JESUP AVENUE,bbl_block,2028720302,False
X00487406,New Building,5. Completed Construction,2008159,2028480024,2,1677,TOWNSEND AVENUE,2023.0,2021.0,0.0,35,35.0,35.0,2021-08-04,2021-11-23,2023-01-10,Other,NEW 7-STORY 35-FAMILY RESIDENTIAL BUILDING,40.84595327256616,-73.91278690470804,True,1677 TOWNSEND AVENUE,bbl_block,2028480024,False
X00490317,Alteration,5. Completed Construction,2008659,2028720070,2,1434,JESUP AVENUE,2023.0,2022.0,0.0,8,8.0,8.0,2021-03-22,2022-06-23,2023-04-28,Other,PROPOSED INTERIOR RENOVATION  TO AN EXISTING 2 STORY AND CELLAR RESIDENTIAL USE BUILDING TO A TOTAL OF 8 RESIDENTIAL UNITS.,40.84181823056305,-73.92004736111689,True,1434 JESUP AVENUE,bbl_block,2028720070,False
X00558445,New Building,5. Completed Construction,2131062,2028720120,2,1472,SHAKESPEARE AVENUE,2023.0,2022.0,0.0,34,34.0,34.0,2021-08-19,2022-07-14,2023-12-15,Other,New 7 story Residential Building,40.84374358524328,-73.91973679478882,True,1472 SHAKESPEARE AVENUE,bbl_block,2028720120,False
X00525233,Alteration,3. Permitted for Construction,2008431,2028650126,2,37,FEATHERBED LANE,,2022.0,42.0,56,14.0,,2021-08-04,2022-06-06,,Other,PROPOSED APARTMENTS AT BASEMENT FIRST & SECOND FLOOR. ADDITIONAL SCOPE OF WORK ADDED. AMENDMENT PLANS INCLUDE APARTMENT 1C 1E 1B 2F & 2E TO BE SPLIT INTO STUDIO APARTMENTS. 80 SQ FT REDUCTION FROM APT. 6A.,40.846223266920575,-73.91538209735293,False,37 FEATHERBED LANE,bbl_block,2028650126,False
X00527768,Alteration,5. Completed Construction,2008160,2028480050,2,1670,TOWNSEND AVENUE,2023.0,2022.0,0.0,25,25.0,25.0,2021-05-25,2022-06-30,2023-12-28,Other,PROPSING HORIZONTAL & VERTICAL ENLARGEMNT TOAX EXISTING TWO STORY & BASEMENT BUILDING,40.84560358956477,-73.9124487883884,True,1670 TOWNSEND AVENUE,bbl_block,2028480050,False
X00676895,New Building,5. Completed Construction,2130655,2031950032,2,2175,DAVIDSON AVENUE,2024.0,2022.0,0.0,18,18.0,20.0,2022-03-16,2022-09-08,2024-05-01,Other,NEW FOUR STORY EIGHTEEN (18) DWELLING UNIT BUILDING,40.85697676045363,-73.90610058706118,True,2175 DAVIDSON AVENUE,bbl_block,2031950032,False
X00678451,Alteration,3. Permitted for Construction,2014242,2031980015,2,2312,GRAND AVENUE,,2022.0,0.0,13,13.0,,2022-02-21,2022-05-19,,Other,APPLICATION FILED HEREWITH TO PROPOSE THE FOLLOWING: HORIZONTAL ENLARGEMENT AT THE SECOND FLOOR. 2 STORY VERTICAL ENLARGEMENT WITH A PENTHOUSE AND BULK HEAD.  INCREASE DWELLING UNITS TO 13. OBTAIN NEW CERTIFICATE OF OCCUPANCY,40.86050600775776,-73.90454710842329,False,2312 GRAND AVENUE,bbl_block,2031980015,False
X00681146,Alteration,5. Completed Construction,2014244,2031980017,2,2316,GRAND AVENUE,2024.0,2022.0,0.0,15,15.0,15.0,2022-02-21,2022-05-20,2024-06-21,Other,APPLICATION FILED HEREWITH TO PROPOSE THE FOLLOWING: HORIZONTAL ENLARGEMENT AT THE SECOND FLOOR. 2 STORY VERTICAL ENLARGEMENT WITH A PENTHOUSE AND BULKHEAD.  INCREASE DWELLING UNITS TO 15. OBTAIN NEW CERTIFICATE OF OCCUPANCY,40.86062585569538,-73.90445865134812,True,2316 GRAND AVENUE,bbl_block,2031980017,False
X00687136,New Building,5. Completed Construction,2129796,2025060125,2,78,WEST 170 STREET,2025.0,2022.0,0.0,39,39.0,39.0,2022-02-28,2022-06-10,2025-11-14,Other,PROPOSED ELEVEN (11) STORY AND CELLAR MIXED USED BUILDING,40.84009780501192,-73.92185815309105,True,78 WEST 170 STREET,bbl_block,2025060125,False
X00689879,Alteration,5. Completed Construction,2008443,2028650179,2,1665,DAVIDSON AVENUE,2023.0,2022.0,0.0,10,10.0,10.0,2022-03-20,2022-11-14,2023-08-01,Other,APPLICATION FILED HEREWITH FOR INTERIOR RENOVATIONS AND INCREASE IN NUMBER OF DWELLING UNITS FROM 3 TO 10 WITHIN THE EXISTING BULK OF 2 STORY AND BASEMENT RESIDENTIAL BUILDING.,40.84630895807352,-73.91463729468344,True,1665 DAVIDSON AVENUE,bbl_block,2028650179,False
X00694049,New Building,5. Completed Construction,2130883,2025060082,2,1258,SHAKESPEARE AVENUE,2023.0,2022.0,0.0,90,90.0,90.0,2022-03-14,2022-05-26,2023-11-15,Other,Proposed seven (7) story residential building.,40.83872252219091,-73.92266117201977,True,1258 SHAKESPEARE AVENUE,bbl_block,2025060082,False
X00663777,Alteration,3. Permitted for Construction,2008190,2028490055,2,1712,TOWNSEND AVENUE,,2022.0,2.0,18,16.0,,2022-01-27,2022-06-14,,Other,Existing 2-Story 2-Family building to be enlarged and converted to a 4-story and penthouse 18-Family Dwelling,40.84654387121451,-73.91177858622399,False,1712 TOWNSEND AVENUE,bbl_block,2028490055,False
X00728468,Alteration,3. Permitted for Construction,2008205,2028490085,2,55,CLIFFORD PLACE,,2024.0,0.0,12,12.0,,2022-06-13,2024-03-21,,Other,1. CONVERT EXISTING TWO (2) DWELLING UNITS   TO TWELVE (12)  DWELLING UNITS.2. PROPOSED VERTICAL & HORIZONTAL ENLARGEMENT W/  PENTHOUSE.3. OBTAIN A NEW CERTIFICATE OF OCCUPANCY.,40.84625041192649,-73.91186304360065,False,55 CLIFFORD PLACE,bbl_block,2028490085,False
X00739669,Alteration,5. Completed Construction,2008164,2028480054,2,50,CLIFFORD PLACE,2024.0,2023.0,0.0,19,19.0,19.0,2022-06-13,2023-05-31,2024-09-06,Other,APPLICATION FILED HEREWITH TO PROPOSE THE FOLLOWING. HORIZONTAL ENLARGEMENT AT THE EXISTING FIRST & SECOND FLOOR. 2 STORY VERTICAL ENLARGEMENT WITH A PENTHOUSE AND BULK HEAD. INCREASED DWELLING UNITS TO 19 AND OBTAIN NEW CERTIFICATE OF OCCUPANCY.,40.84598971276738,-73.9122632648783,True,50 CLIFFORD PLACE,bbl_block,2028480054,False
X00729880,New Building,5. Completed Construction,2008287,2028560011,2,1351,JEROME AVENUE,2025.0,2023.0,0.0,247,247.0,247.0,2022-05-04,2023-12-15,2025-03-21,Other,Proposing 14 story residential building,40.839514,-73.919267,True,1351 JEROME AVENUE,bbl_block,2028560011,False
X00787559,New Building,3. Permitted for Construction,2008251,2028530012,2,1940,JEROME AVENUE,,2024.0,0.0,115,115.0,,2022-08-22,2024-08-05,,Other,HUB CONSULTATION MEETING HELD AND ACCEPTED ON 8/8/2022. PROPOSE NEW 13-STORY PLUS CELLAR MIXED-USE BUILDING. OBTAIN NEW C OF O. THIS PROJECT IS MANDATORY INCLUSIONARY 100% LOW INCOME HOUSING AND QUALITY HOUSING.,40.850903,-73.909591,False,1940 JEROME AVENUE,bbl_block,2028530012,False
X00804817,New Building,2. Approved Application,2129194,2031980012,2,41,NORTH STREET,,,0.0,38,38.0,,2023-01-09,,,Other,PROPOSED NEW SEVEN (7) STORY MIXED-USE BUILDING: THIRTY-FIGHT (38) DWELLING UNITS WITH COMMUNITY FACILITY ON THE GROUND AND ELEVEN (11) PARKING SPACES @ CELLAR,40.860302,-73.904618,False,41 NORTH STREET,bbl_block,2031980012,False
X00805009,New Building,2. Approved Application,2008386,2028620090,2,1959,JEROME AVENUE,,,0.0,290,290.0,,2023-01-18,,,Other,NB filed to construct a new 16 story mixed use building of residential and commercial use to be reviewed via the HUB HPD Unit.,40.851444,-73.909966,False,1959 JEROME AVENUE,bbl_block,2028620090,False
X00819177,Alteration,5. Completed Construction,2008701,2028720262,2,1584,JESUP AVENUE,2023.0,2023.0,2.0,9,7.0,9.0,2023-02-08,2023-07-19,2023-12-15,Other,Existing 2-Story and cellar 2-Family building to be converted to a 9-Family Dwelling,40.84542231579705,-73.91808109760609,True,1584 JESUP AVENUE,bbl_block,2028720262,False
X00865295,Demolition,2. Approved Application,2014241,2031980014,2,2310,GRAND AVENUE,,,1.0,0,-1.0,,2023-07-31,,,1 Family,DEMOLITION MEANS AND METHODS OF THE EXISTING 2 STORY BUILDING.,40.86046047274187,-73.90457507005777,False,2310 GRAND AVENUE,bbl_block,2031980014,False
X00908433,New Building,3. Permitted for Construction,2094542,2028560001,2,1320,INWOOD AVENUE,,2025.0,0.0,210,210.0,,2023-08-11,2025-08-19,,Other,Construct new 14 story mixed use building as per plans filed.,40.8388875191858,-73.91958343105748,False,1320 INWOOD AVENUE,bbl_block,2028560001,False
X00984772,Alteration,5. Completed Construction,2008203,2028490083,2,59,CLIFFORD PLACE,2025.0,2024.0,2.0,10,8.0,10.0,2024-01-05,2024-02-29,2025-03-05,Other,Existing 2 story and basement 2-Family to be converted into a 10-unit building,40.84618168075769,-73.91169662781236,True,59 CLIFFORD PLACE,bbl_block,2028490083,False
X00985124,Alteration,1. Filed Application,2014207,2031960029,2,2232,DAVIDSON AVENUE,,,65.0,67,2.0,,2024-02-19,,,Other,THIS APPLICATION IS BEING FILED FOR GENERAL CONSTRUCTION TO RENOVATE EXISTING RESIDENTIAL APARTMENTS TO CREATE ADDITIONAL DWELLING UNITS OBTAIN NEW CERTIFICATE OF OCCUPANCY AND RESTORATION OF SUPERS' APARTMENT AT CELLAR TO ORIGINAL LEGAL CONDITION.,40.857768569603536,-73.90511378060852,False,2232 DAVIDSON AVENUE,bbl_block,2031960029,False
X01002892,Alteration,5. Completed Construction,2003110,2025060148,2,67,WEST 169 STREET,2025.0,2024.0,4.0,8,4.0,8.0,2024-02-13,2024-10-11,2025-06-16,Other,ALT1 TO CONVERT EXTG. 4 APTS TO 8 APTS  INTERIOR DEMOLITION  NEW PARTITIONS  NEW KITCHEN BATHROOM NEW LIGHTING AND ELECTRICAL WORK FOR THE NEW APT AS PER PLANS OBTAIN NEW C/O.,40.83922680677452,-73.9220914668734,True,67 WEST 169 STREET,bbl_block,2025060148,False
X01038101,Alteration,2. Approved Application,2014042,2031850007,2,6,CAMERON PLACE,,,3.0,9,6.0,,2024-04-19,,,Other,Existing 2 story and basement 2-Family to be converted into a 9-unit building,40.855886528718216,-73.90478878215731,False,6 CAMERON PLACE,bbl_block,2031850007,False
X01061167,Alteration,5. Completed Construction,2129668,2028720148,2,1544,SHAKESPEARE AVENUE,2025.0,2024.0,116.0,116,0.0,116.0,2024-06-21,2024-09-26,2025-12-10,Other,ALTCO FILED FOR CONVERSION OF AN EXISTING VACANT 'M' SPACE INTO AN AMBULATORY FACILITY AS PER PLANS FILED HEREWITH.,40.84577141884002,-73.91897249098476,True,1544 SHAKESPEARE AVENUE,bbl_block,2028727501,True
X01064656,Alteration,5. Completed Construction,2128894,2031960066,2,27,BUCHANAN PLACE,2025.0,2024.0,25.0,25,0.0,25.0,2024-06-28,2024-09-27,2025-02-28,Other,change existing ambulatory diagnostic or treatment healthcare facilities to school - day care center.  provide new stair and door.,40.85826589735064,-73.90535294584095,True,27 BUCHANAN PLACE,bbl_block,2031960066,False
X01153979,Alteration,1. Filed Application,2008652,2028720033,2,1411,JESUP AVENUE,,,2.0,10,8.0,,2025-03-18,,,Other,Proposed alteration to existing building to propose a total of 10 dwelling units.,40.84146471068687,-73.92087664247686,False,1411 JESUP AVENUE,bbl_block,2028720033,False
X01023907,New Building,3. Permitted for Construction,2131032,2024890035,2,1240,RIVER AVENUE,,2025.0,0.0,328,328.0,,2024-05-17,2025-11-21,,Other,New 17-story mixed-use building,40.8364,-73.9209,False,1240 RIVER AVENUE,bbl_block,2024890035,True
X01056031,Alteration,2. Approved Application,2014075,2031860078,2,2243,WALTON AVENUE,,,2.0,10,8.0,,2024-05-28,,,Other,Existing 2-Story and basement 2-Family  to be converted to a 10-Family Dwelling,40.857387985287474,-73.90364397471009,False,2243 WALTON AVENUE,bbl_block,2031860078,False
X01059040,New Building,1. Filed Application,2115197,2028590051,2,1545,JEROME AVENUE,,,0.0,213,213.0,,2025-01-07,,,Other,Propose an 11-story mix-used building consisting of affordable housing use groups II (MIH) IIIA (Supportive Housing) and VI (Retail),40.84372746904938,-73.91574542891432,False,1545 JEROME AVENUE,bbl_block,2028590051,False
X01114743,Alteration,5. Completed Construction,2008441,2028650177,2,26,WEST 174 STREET,2025.0,2024.0,2.0,10,8.0,10.0,2024-09-23,2024-11-19,2025-04-09,Other,PROPOSED CONVERSION OF AN EXISTING TWO STORY AND CELLAR TWO FAMILY TO A TOTAL OF TEN RESIDENTIAL UNITS,40.84639780552215,-73.91477430709978,True,26 WEST 174 STREET,bbl_block,2028650177,False
X01116367,Alteration,3. Permitted for Construction,2014194,2031950051,2,2170,DAVIDSON AVENUE,,2025.0,31.0,34,3.0,,2024-11-20,2025-04-11,,Other,THIS APPLICATION IS BEING FILED FOR GENERAL CONSTRUCTION AND STRUCTURAL WORK TO RENOVATE EXISTING RESIDENTIAL APARTMENTS TO CREATE ADDITIONAL DWELLING UNITS AND OBTAIN A NEW CERTIFICATE OF OCCUPANCY,40.85687627214829,-73.90574076861428,False,2170 DAVIDSON AVENUE,bbl_block,2031950051,False
X01169727,New Building,2. Approved Application,2008290,2028560023,2,1376,INWOOD AVENUE,,,0.0,53,53.0,,2025-01-27,,,Other,APPLICATION FILED HEREWITH TO ERECT A NEW EIGHT STORY RESIDENTIAL BUIDLIGN WITH A TOTAL OF FIFTY THREE UNITS,40.84008656221408,-73.91906439512107,False,1376 INWOOD AVENUE,bbl_block,2028560023,False
X01181100,Demolition,3. Permitted for Construction,2008290,2028560023,2,1376,INWOOD AVENUE,,2025.0,3.0,0,-3.0,,2025-02-19,2025-04-09,,3 Family,Full demolition to a three story house,40.84008656221408,-73.91906439512107,False,1376 INWOOD AVENUE,bbl_block,2028560023,False
X01181103,Demolition,3. Permitted for Construction,2008291,2028560023,2,1378,INWOOD AVENUE,,2025.0,3.0,0,-3.0,,2025-02-19,2025-04-09,,3 Family,Full demolition to a three story house,40.840154743368615,-73.91903136964333,False,1378 INWOOD AVENUE,bbl_block,2028560023,False
X01207746,New Building,1. Filed Application,2803522,2028570006,2,1408,CROMWELL AVENUE,,,0.0,92,92.0,,2025-04-10,,,Other,APPLICATION FILED HEREWITH TO ERECT A NEW THIRTEEN STORY MIXED USE BUILDING WITH A TOTAL OF NINETY-TWO DWELLING UNITS,40.841138873524,-73.91908732042862,False,1408 CROMWELL AVENUE,bbl_block,2028570006,False
X01222014,Alteration,3. Permitted for Construction,2014289,2031980141,2,2366,DAVIDSON AVENUE,,2025.0,3.0,10,7.0,,2025-05-09,2025-10-31,,Other,PROPOSED INTERIOR RENOVATION CONVERTING EXISTING TWO STORY AND BASEMENT INTO A 10 UNIT RESIDENTIAL BUILDING,40.860537254621946,-73.90350806164689,False,2366 DAVIDSON AVENUE,bbl_block,2031980141,False
X01248963,Alteration,3. Permitted for Construction,2008694,2028720222,2,1513,JESUP AVENUE,,2026.0,2.0,10,8.0,,2025-07-02,2026-01-09,,Other,APPLICATION FILED HEREWITH TO CONVERT AN EXISTING THREE STORY TWO FAMILY BUILDING INTO A TEN FAMILY BUILDING,40.84384204644175,-73.91908064132109,False,1513 JESUP AVENUE,bbl_block,2028720222,False
X01285063,Demolition,1. Filed Application,2014241,2031980014,2,2310,GRAND AVENUE,,,1.0,0,-1.0,,2025-10-30,,,1 Family,Full demolition to a two story house,40.86046047274187,-73.90457507005777,False,2310 GRAND AVENUE,bbl_block,2031980014,False
X01314575,New Building,1. Filed Application,2008281,2028550028,2,1261,JEROME AVENUE,,,0.0,23,23.0,,2025-12-10,,,Other,NEW BUILDING.   APPLICATION HEREWITH FILED FOR NEW 12 STORY 23 FAMILY APARTMENT BUILDING. AS PER PLANS.,40.83741857337265,-73.92095014866489,False,1261 JEROME AVENUE,bbl_block,2028550028,False
X00980633,Alteration,2. Approved Application,2008140,2028460037,2,1575,TOWNSEND AVENUE,,,49.0,46,-3.0,,2024-01-10,,,Other,INTERIOR RENOVATION OF EXISTING BUILDING. NEW FINISHES REPLACEMENT OF WINDOWS & DOORS. REPLACEMENT OF KITCHEN & BATHROOM FIXTURES. NEW LED INTERIOR & EXTERIOR LIGHTING. MINOR MASONRY REPAIR & MINOR FACADE WORK. ROOF/BULKHEAD/PARAPET WORK.,40.843896124094144,-73.91425437895961,False,1575 TOWNSEND AVENUE,bbl_block,2028460037,False
X01312591,Alteration,1. Filed Application,2008700,2028720261,2,1586,JESUP AVENUE,,,2.0,9,7.0,,2025-11-04,,,Other,PROPOSED INTERIOR RENOVATION CONVERTING EXISTING 2 STORY AND BASEMENT INTO A 9 UNIT RESIDENTIAL BUILDING,40.84549911780909,-73.91806990952566,False,1586 JESUP AVENUE,bbl_block,2028720261,False
X08008823,New Building,3. Permitted for Construction,2008284,2028550051,2,1298,INWOOD AVENUE,,2024.0,0.0,0,0.0,,2022-10-12,2024-06-06,,Other,Herewith Filing Fifteen (15) Story New Building Building as per plans. Primary Use Group 3 - Non Profit w/ Sleeping Accommodations with Use Group 3 Daycare and Use Group 4 - Community Facility a the Ground Floor.,40.83821,-73.920002,False,1298 INWOOD AVENUE,bbl_block,2028550051,False
X08030027,New Building,3. Permitted for Construction,2817787,2031950021,2,30,WEST 182 STREET,,2023.0,0.0,11,11.0,,2023-01-30,2023-07-20,,Other,CONSTRUCTION OF A 7-STORY RESIDENTIAL NEW BUILDING.,40.857311,-73.906083,False,30 WEST 182 STREET,bbl_block,2031950021,False
201043049,Alteration,5. Completed Construction,2008650,2028720028,2,1427,JESUP AVENUE,2010.0,2008.0,3.0,3,0.0,3.0,2006-03-23,2008-06-25,2010-07-20,C0,,40.841887602289454,-73.92055627946735,True,1427 JESUP AVENUE,bbl_block,2028720028,False
201105874,Alteration,5. Completed Construction,2118417,2031950174,2,7,CLINTON PLACE,2019.0,2007.0,2.0,2,0.0,2.0,2007-02-06,2007-06-07,2019-04-12,B3,PROPOSED ALT. I TO CHANGE METES AND BOUNDS  EXIST. TWO STORY AND BASEMEN BUILDING TWO FAMILY DWLLG. PARTIAL DEMO FILLED IN THIS APPLICATION.,40.8568224980854,-73.9055986772155,True,7 CLINTON PLACE,bbl_block,2031950174,False
201106196,New Building,5. Completed Construction,2118416,2031950074,2,5,CLINTON PLACE,2019.0,2007.0,0.0,3,3.0,3.0,2007-02-07,2007-07-17,2019-05-23,C0,,40.85679157620552,-73.90550764862886,True,5 CLINTON PLACE,bbl_block,2031950074,False
201091576,Alteration,5. Completed Construction,2008381,2028620003,2,43,WEST 177 STREET,2021.0,2007.0,2.0,3,1.0,3.0,2006-11-24,2007-01-02,2021-01-21,C0,"CONVERTING FROM 2 FAMILIES TO 3 FAMILIES. RESTORE EXTERIOR MASONRY AND BRICK WALL AT THIRD FLOOR,WITH NO ATTIC AND BUILD NEW ROOF OBTAIN NEW C OF O.",40.8506028557931,-73.91184887891582,True,43 WEST 177 STREET,bbl_block,2028620003,False
210178225,New Building,5. Completed Construction,2129224,2028567501,2,1325,JEROME AVENUE,2021.0,2019.0,0.0,255,255.0,255.0,2018-06-15,2019-04-18,2021-05-24,R0,,40.83861707617746,-73.91926744988228,True,1325 JEROME AVENUE,bbl_block,2028567501,False
210025836,New Building,5. Completed Construction,2124719,2031960052,2,2254,GRAND AVENUE,2016.0,2008.0,0.0,3,3.0,3.0,2007-12-06,2008-04-24,2016-03-08,C0,,40.85849817016023,-73.905731779176,True,2254 GRAND AVENUE,bbl_block,2031960052,False
210032016,New Building,5. Completed Construction,2120514,2028720007,2,1382,SHAKESPEARE AVENUE,2010.0,2008.0,0.0,127,127.0,127.0,2008-01-23,2008-07-01,2010-08-20,D1,,40.84186483183985,-73.92109710189096,True,1382 SHAKESPEARE AVENUE,bbl_block,2028720007,False
210182176,Alteration,5. Completed Construction,2008696,2028720230,2,1543,JESUP AVENUE,2023.0,2021.0,3.0,21,18.0,21.0,2020-11-09,2021-02-10,2023-04-26,C1,"TO BE ENLARGED VERTICALLY TO A 5 STORY AND PENTHOUSE, 21-UNIT RESIDENTIAL BUILDING WITH NO ON-SITE PARKING_AND THE FOLLOWING IN CONJUNCTION JOB #'S ST- X00440376, FN - X00440370, MH - X00440367, PL/SP X00440359.",40.84458374312769,-73.91878070204572,True,1543 JESUP AVENUE,bbl_block,2028720230,False
210182283,New Building,5. Completed Construction,2014087,2031870036,2,2351,WALTON AVENUE,2023.0,2021.0,0.0,61,61.0,61.0,2020-12-03,2021-05-26,2023-02-27,D1,,40.8600002764684,-73.9020821456303,True,2351 WALTON AVENUE,bbl_block,2031870036,False
210182390,New Building,5. Completed Construction,2131166,2028720071,2,1436,JESUP AVENUE,2025.0,2023.0,0.0,49,49.0,49.0,2021-01-25,2023-01-17,2025-01-23,D1,,40.84192258093447,-73.91992491608903,True,1436 JESUP AVENUE,bbl_block,2028720071,False
210182461,New Building,5. Completed Construction,2130902,2028720274,2,1548,JESUP AVENUE,2023.0,2022.0,0.0,10,10.0,10.0,2021-02-22,2022-03-29,2023-07-14,C1,,40.84461414828486,-73.91821806333584,True,1548 JESUP AVENUE,bbl_block,2028720274,False
210182470,New Building,5. Completed Construction,2130658,2028720275,2,1546,JESUP AVENUE,2023.0,2022.0,0.0,10,10.0,10.0,2021-02-22,2022-03-29,2023-07-14,C1,,40.84456162140711,-73.91822740712051,True,1546 JESUP AVENUE,bbl_block,2028720275,False
210182498,New Building,5. Completed Construction,2130659,2028720273,2,1550,JESUP AVENUE,2023.0,2022.0,0.0,16,16.0,16.0,2021-02-23,2022-03-29,2023-07-03,,,40.84466461652806,-73.9181371182918,True,1550 JESUP AVENUE,bbl_block,2028720273,False
210179634,New Building,5. Completed Construction,2129668,2028720148,2,1544,SHAKESPEARE AVENUE,2024.0,2021.0,0.0,116,116.0,116.0,2019-05-29,2021-06-22,2024-01-09,D7,,40.84577141884002,-73.91897249098476,True,1544 SHAKESPEARE AVENUE,bbl_block,2028727501,True
210180819,New Building,3. Permitted for Construction,2130777,2028650134,2,1600,MACOMBS ROAD,,2024.0,0.0,244,244.0,,2020-02-13,2024-09-06,,V0,,40.845808,-73.916465,False,1600 MACOMBS ROAD,bbl_block,2028650134,False
210180828,New Building,5. Completed Construction,2130750,2028650160,2,1600,GRAND AVENUE,2025.0,2022.0,0.0,326,326.0,326.0,2020-02-18,2022-06-21,2025-04-24,D1,,40.846168,-73.916454,True,1600 GRAND AVENUE,bbl_block,2028650160,False
220102902,New Building,5. Completed Construction,2117719,2028720300,2,1482,JESUP AVENUE,2012.0,2011.0,0.0,3,3.0,3.0,2011-02-02,2011-05-10,2012-02-10,C0,,40.84299853932957,-73.91909397629163,True,1482 JESUP AVENUE,bbl_block,2028720300,False
220102911,New Building,5. Completed Construction,2119009,2028720301,2,1480,JESUP AVENUE,2012.0,2011.0,0.0,3,3.0,3.0,2011-02-02,2011-05-10,2012-02-07,C0,,40.84295387127624,-73.91912714641703,True,1480 JESUP AVENUE,bbl_block,2028720301,False
220151323,New Building,5. Completed Construction,2129079,2031790060,2,2065,WALTON AVENUE,2018.0,2015.0,0.0,90,90.0,90.0,2014-07-08,2015-06-01,2018-06-05,D1,,40.85396692565056,-73.90629856721552,True,2065 WALTON AVENUE,bbl_block,2031790060,False
220151804,Alteration,5. Completed Construction,2003082,2025060044,2,1263,EDWARD L GRANT HIGHWAY,2022.0,2017.0,0.0,0,0.0,79.0,2015-06-01,2017-02-03,2022-01-07,H4,,40.837348476629664,-73.92268985175949,True,1263 EDWARD L GRANT HIGHWAY,bbl_block,2025060044,False
220166371,Alteration,5. Completed Construction,2014221,2031960079,2,12,WEST 183 STREET,2015.0,2013.0,2.0,2,0.0,2.0,2012-07-09,2013-04-11,2015-02-03,K9,"APPLICATION FILE TO CHANGE THE C OF O 1ST FLOOR CONVERT FROM CHURCH TO COMMERCIAL STORE. (USE GROUP 6) NO WORK UNDER THIS APPLICATION, WORK DONE WITH THE JOB NUMBER 220135486, OBTAINING NEW C OF O.THE HOUSE HAVE EXISTING C OF O NO-51193 DATE APRIL 22 1977",40.85837646641375,-73.90454301080742,True,12 WEST 183 STREET,bbl_block,2031960079,False
220357423,New Building,5. Completed Construction,2124607,2028620006,2,74,WEST TREMONT AVENUE,2017.0,2014.0,0.0,34,34.0,34.0,2014-02-04,2014-07-03,2017-01-04,D7,CONSTRUCT NEW APT BLDG,40.85089303672584,-73.9119245373502,True,74 WEST TREMONT AVENUE,bbl_block,2028620006,False
220178260,New Building,5. Completed Construction,2128908,2031860076,2,2247,WALTON AVENUE,2017.0,2015.0,0.0,50,50.0,50.0,2012-04-06,2015-04-24,2017-05-03,D1,,40.85751135381974,-73.90357525486885,True,2247 WALTON AVENUE,bbl_block,2031860076,False
220393287,New Building,5. Completed Construction,2124683,2025060111,2,1282,SHAKESPEARE AVENUE,2017.0,2015.0,0.0,60,60.0,60.0,2014-07-09,2015-06-24,2017-08-28,D3,"CONSTRUCTION OF A NEW NINE-STORY BUILDING AND CELLAR PAA FILED TO REFLECT REAR YARD RE-DESIGN: RELOCATION OF PLANTERS, REAR PERIMET ER WALL WAS MOVED 8' FROM THE PROPERTY LINE. STRUCTURAL CALCULATIONS SHOWN AS PER COMMENTS MADE BY EXCAVATION UNIT. REVISED SCHEDULE B. NO CHANGE TO EGRESS, USE OR OCCUPANCY.",40.8394206163424,-73.92227229964872,True,1282 SHAKESPEARE AVENUE,bbl_block,2025060111,False
220321471,Demolition,5. Completed Construction,2128908,2031860076,2,2247,WALTON AVENUE,2013.0,2013.0,2.0,0,-2.0,,2013-07-18,2013-10-28,2013-10-28,D1,"FULL DEMOLITION OF 2 1/2 STORY WOOD FRAME STRUCTURE, USING MECHANICAL MEANS.",40.85751135381974,-73.90357525486885,True,2247 WALTON AVENUE,bbl_block,2031860076,False
220321480,Demolition,5. Completed Construction,2128908,2031860076,2,2203,WALTON AVENUE,2013.0,2013.0,2.0,0,-2.0,,2013-07-18,2013-10-28,2013-10-28,D1,FULL DEMOLITION OF ONE STORY WOODEN STRUCTURE USING HAND TOOLS ONLY.,40.85751557208801,-73.90361050745275,True,2203 WALTON AVENUE,bbl_block,2031860076,False
220225584,Demolition,5. Completed Construction,2091247,2025060081,2,1256,SHAKESPEARE AVENUE,2012.0,2012.0,3.0,0,-3.0,,2012-08-03,2012-08-27,2012-08-27,C1,COMPLETE DEMO AND REMOVAL AND BACK FIL,40.838511,-73.922719,True,1256 SHAKESPEARE AVENUE,bbl_block,2025060081,False
220465182,Demolition,5. Completed Construction,2129190,2028650122,2,29,FEATHERBED LANE,2016.0,2016.0,1.0,0,-1.0,,2015-07-30,2016-03-25,2016-03-25,D1,FULL DEMOLITION OF A 2-STORY HOUSE.  DEMO FILED IN CONJUNCTION WITH JOB #220465191.,40.846117,-73.914961,True,29 FEATHERBED LANE,bbl_block,2028650122,False
220457805,Alteration,5. Completed Construction,2008383,2028620008,2,62,WEST TREMONT AVENUE,2023.0,2015.0,87.0,90,3.0,90.0,2015-05-15,2015-06-24,2023-07-14,C1,PROPOSE TO REHAB EXISTING RESIDENTIAL BUILDING. CHANGE NUMBER OF DWELLING UNITS FROM 87 TO 90. CONVERT EXISTING RETAIL STORES TO RESIDENTIAL ACCESSORY USE. COMMUNITY ROOM AND BUILDING OFFICE.,40.85112467368941,-73.91171804630709,True,62 WEST TREMONT AVENUE,bbl_block,2028620008,False
220522682,New Building,5. Completed Construction,2129283,2025060100,2,1285,EDWARD L G HIGHWAY,2022.0,2017.0,0.0,29,29.0,29.0,2016-07-08,2017-10-30,2022-11-29,D1,,40.83851899806258,-73.92224866962857,True,1285 EDWARD L G HIGHWAY,bbl_block,2025060100,False
220238874,Demolition,5. Completed Construction,2014218,2031960069,2,33,BUCHANAN PLACE,2013.0,2013.0,2.0,0,-2.0,,2012-10-24,2013-02-28,2013-02-28,V0,DEMOLITION OF PARTIALLY COLLAPSED 3 STORY STRUCTURE,40.858373,-73.905532,True,33 BUCHANAN PLACE,bbl_block,2031960069,False
220586248,Demolition,5. Completed Construction,2129190,2028650122,2,31,FEATHERBED LANE,2017.0,2017.0,1.0,0,-1.0,,2017-06-15,2017-08-25,2017-08-25,V0,FULL DEMOLITION OF A 3 STORY FRAME HOUSE IN CONJUNCTION WITH DEMOLITION #220601025,40.846117,-73.914961,True,31 FEATHERBED LANE,bbl_block,2028650122,False
220649626,Demolition,5. Completed Construction,2131062,2028720120,2,1472,SHAKESPEARE AVENUE,2018.0,2018.0,1.0,0,-1.0,,2018-05-17,2018-10-03,2018-10-03,D1,CONTROLLED DEMOLITION WITH ASBESTOS IN PLACE.,40.843708,-73.919695,True,1472 SHAKESPEARE AVENUE,bbl_block,2028720120,False
220609429,Demolition,5. Completed Construction,2014087,2031870036,2,2351,WALTON AVENUE,2018.0,2018.0,2.0,0,-2.0,,2017-08-02,2018-09-11,2018-09-11,D1,"FILE HEREWITH A FULL HAND DEMOLITION FOR 2 1/2 STORY BRICK, STUCCO AND DEMO OF FOUNDATION AND FOOTINGS WORK TO BE DONE UNDER THIS APPLICATION.",40.8600002764684,-73.9020821456303,True,2351 WALTON AVENUE,bbl_block,2031870036,False
220696511,Demolition,5. Completed Construction,2129668,2028720148,2,1544,SHAKESPEARE AVENUE,2019.0,2019.0,1.0,0,-1.0,,2019-04-03,2019-12-10,2019-12-10,D7,PROPOSED FULL DEMOLITION OF TWO STORY BUILDING,40.845725,-73.918937,True,1544 SHAKESPEARE AVENUE,bbl_block,2028727501,True
220696548,Demolition,5. Completed Construction,2129668,2028720148,2,1542,SHAKESPEARE AVENUE,2019.0,2019.0,2.0,0,-2.0,,2019-04-03,2019-12-10,2019-12-10,D7,PROPOSED FULL DEMOLITION OF THREE STORY BUILDING,40.845725,-73.918937,True,1542 SHAKESPEARE AVENUE,bbl_block,2028727501,True
220707885,New Building,3. Permitted for Construction,2091247,2025060081,2,1256,SHAKESPEARE AVENUE,,2024.0,0.0,13,13.0,,2019-06-28,2024-08-26,,C1,,40.838511,-73.922719,False,1256 SHAKESPEARE AVENUE,bbl_block,2025060081,False
220718043,New Building,5. Completed Construction,2088424,2031980045,2,29,EVELYN PLACE,2022.0,2021.0,0.0,11,11.0,11.0,2019-12-17,2021-12-07,2022-11-04,C1,,40.85958917403497,-73.90459839369528,True,29 EVELYN PLACE,bbl_block,2031980045,False
220720138,Demolition,5. Completed Construction,2008433,2028650134,2,1600,MACOMBS ROAD,2021.0,2021.0,0.0,0,0.0,,2020-05-13,2021-10-28,2021-10-28,V0,"FULL DEMOLITION OF THREE STORY STRUCTURE USING HAND HELD AND MECHANICAL TO ASSIST WITH STRUCTURAL ON GRADE, LOADING OUT OF DEBRIS AND BACK-FILL SITE.",40.845808,-73.916465,True,1600 MACOMBS ROAD,bbl_block,2028650134,False
220736498,Demolition,5. Completed Construction,2091246,2025060081,2,1256 REAR,SHAKESPEARE AVENUE,2022.0,2022.0,1.0,0,-1.0,,2021-01-11,2022-10-27,2022-10-27,C1,FULL DEMOLITION OF 2 STORY FRAME BUILDING IN THE REAR OF PROPERTY.,40.838511,-73.922719,True,1256 REAR SHAKESPEARE AVENUE,bbl_block,2025060081,False
220737941,Demolition,5. Completed Construction,2130902,2028720274,2,1548,JESUP AVENUE,2022.0,2022.0,1.0,0,-1.0,,2021-05-20,2022-01-20,2022-01-20,C1,DEMOLITION OF A TWO STORY HOUSE,40.844599,-73.918162,True,1548 JESUP AVENUE,bbl_block,2028720274,False
220739137,Demolition,5. Completed Construction,2003100,2025060125,2,76,WEST 170 STREET,2022.0,2022.0,2.0,0,-2.0,,2021-12-03,2022-04-08,2022-04-08,D7,,40.840095,-73.92185,True,76 WEST 170 STREET,bbl_block,2025060125,False
220739146,Demolition,5. Completed Construction,2129796,2025060125,2,78,WEST 170 STREET,2022.0,2022.0,2.0,0,-2.0,,2021-12-02,2022-04-06,2022-04-06,D7,,40.84009780501192,-73.92185815309105,True,78 WEST 170 STREET,bbl_block,2025060125,False
220739565,Demolition,5. Completed Construction,2130883,2025060082,2,1262,SHAKESPEARE AVENUE,2022.0,2022.0,1.0,0,-1.0,,2021-11-22,2022-04-12,2022-04-12,V0,FULL DEMOLITION TO A ONE STORY BUILDING,40.838693,-73.922607,True,1262 SHAKESPEARE AVENUE,bbl_block,2025060082,False
220739805,Demolition,5. Completed Construction,2130883,2025060082,2,1258,SHAKESPEARE AVENUE,2022.0,2022.0,2.0,0,-2.0,,2022-02-11,2022-06-01,2022-06-01,D1,FULL DEMOLITION TO A TWO STORY HOUSE,40.838693,-73.922607,True,1258 SHAKESPEARE AVENUE,bbl_block,2025060082,False
220739878,Demolition,5. Completed Construction,2008659,2028720070,2,1440,JESUP AVENUE,2022.0,2022.0,1.0,0,-1.0,,2021-12-23,2022-05-11,2022-05-11,V0,FULL DEMOLITION TO A TWO STORY HOUSE,40.841798,-73.920008,True,1440 JESUP AVENUE,bbl_block,2028720070,False
220739887,Demolition,5. Completed Construction,2008659,2028720070,2,1438,JESUP AVENUE,2022.0,2022.0,2.0,0,-2.0,,2021-12-23,2022-05-11,2022-05-11,V0,FULL DEMOLITION TO A TWO STORY HOUSE,40.841798,-73.920008,True,1438 JESUP AVENUE,bbl_block,2028720070,False
220739896,Demolition,5. Completed Construction,2131166,2028720071,2,1436,JESUP AVENUE,2022.0,2022.0,1.0,0,-1.0,,2022-05-19,2022-05-31,2022-05-31,D1,FULL DEMOLITION TO A THREE STORY HOUSE,40.841886,-73.919878,True,1436 JESUP AVENUE,bbl_block,2028720071,False
220740474,Demolition,5. Completed Construction,2008159,2028480024,2,1677,TOWNSEND AVENUE,2021.0,2021.0,3.0,0,-3.0,,2021-08-16,2021-12-28,2021-12-28,D1,FULL DEMOLITION OF TWO STORY STRUCTURE TO MAKE PLACE FOR NEW CONSTRUCTION,40.84595327256616,-73.91278690470804,True,1677 TOWNSEND AVENUE,bbl_block,2028480024,False
240296657,New Building,5. Completed Construction,2129747,2025060054,2,1245,EDWARD L GRANT HIGHWAY,2023.0,2022.0,0.0,110,110.0,110.0,2020-12-07,2022-02-08,2023-10-18,D1,,40.836977366823305,-73.9226927820206,True,1245 EDWARD L GRANT HIGHWAY,bbl_block,2025060054,False
220620601,New Building,5. Completed Construction,2128894,2031960066,2,27,BUCHANAN PLACE,2020.0,2018.0,0.0,25,25.0,25.0,2017-11-08,2018-07-11,2020-08-03,D7,,40.85826589735064,-73.90535294584095,True,27 BUCHANAN PLACE,bbl_block,2031960066,False
220673162,New Building,5. Completed Construction,2129190,2028650122,2,29,FEATHERBED LANE,2025.0,2021.0,0.0,160,160.0,160.0,2018-11-14,2021-10-27,2025-06-26,D1,,40.8460842422866,-73.91498265665241,True,29 FEATHERBED LANE,bbl_block,2028650122,False
220628523,Demolition,5. Completed Construction,2129185,2028490063,2,1728,TOWNSEND AVENUE,2018.0,2018.0,1.0,0,-1.0,,2017-12-28,2018-10-26,2018-10-26,D1,FULL DEMOLITION OF A 2 STORY FRAME HOUSE,40.846924,-73.911429,True,1728 TOWNSEND AVENUE,bbl_block,2028490063,False
220633223,Alteration,5. Completed Construction,2014083,2031870007,2,2314,JEROME AVENUE,2022.0,2021.0,0.0,0,0.0,20.0,2020-05-20,2021-04-09,2022-06-24,D1,,40.859106098936216,-73.90307122811676,True,2314 JEROME AVENUE,bbl_block,2031870007,False
220635034,New Building,5. Completed Construction,2129185,2028490063,2,1728,TOWNSEND AVENUE,2021.0,2019.0,0.0,22,22.0,22.0,2018-03-26,2019-04-30,2021-06-14,D1,,40.846924,-73.911429,True,1728 TOWNSEND AVENUE,bbl_block,2028490063,False
