bin,base_bbl,address,construction_year,yearbuilt,bldgclass,landuse,is_apartment,res_units,unitstotal,numbldgs,assesstot,dob_is_apartment,dob_dwelling_units,dob_first_filed,dob_nb_filed,dob_nb_signoff,n_dob_filings,has_dob_record,the_geom_wkt
2003006,2024890005,1220 JEROME AVENUE,1931.0,1931.0,M1,8,False,0.0,1.0,1.0,180900.0,False,1.0,2020-12-15,,,2.0,True,"MULTIPOLYGON (((-73.921485 40.8363, -73.921521 40.836239, -73.921539 40.836246, -73.921562 40.836253, -73.921622 40.836274, -73.921683 40.836294, -73.921743 40.836315, -73.921779 40.836327, -73.921706 40.836375, -73.921685 40.836368, -73.921625 40.836347, -73.921565 40.836327, -73.921505 40.836307, -73.921485 40.8363)))"
2003007,2024890006,1222 JEROME AVENUE,1934.0,1934.0,K2,5,False,0.0,2.0,1.0,340200.0,False,,2014-06-10,,,1.0,True,"MULTIPOLYGON (((-73.921134 40.836255, -73.92117 40.836193, -73.921202 40.836204, -73.921226 40.836212, -73.921251 40.836221, -73.921268 40.836227, -73.921435 40.836283, -73.921485 40.8363, -73.921505 40.836307, -73.921565 40.836327, -73.921625 40.836347, -73.921685 40.836368, -73.921706 40.836375, -73.921632 40.836424, -73.921626 40.836422, -73.921565 40.836401, -73.921483 40.836373, -73.921419 40.836352, -73.921224 40.836286, -73.921198 40.836277, -73.921174 40.836269, -73.921153 40.836262, -73.921134 40.836255)))"
2003008,2024890008,1230 JEROME AVENUE,1931.0,1931.0,K1,5,False,0.0,2.0,1.0,645300.0,False,,2000-01-24,,,12.0,True,"MULTIPOLYGON (((-73.921391 40.836569, -73.921372 40.836562, -73.921302 40.836539, -73.921283 40.836532, -73.921201 40.836504, -73.921158 40.83649, -73.921134 40.836482, -73.921113 40.836475, -73.921092 40.836468, -73.921076 40.836462, -73.92106 40.836457, -73.921045 40.836452, -73.921029 40.836446, -73.921023 40.836444, -73.921134 40.836255, -73.921153 40.836262, -73.921174 40.836269, -73.921198 40.836277, -73.921224 40.836286, -73.921419 40.836352, -73.921483 40.836373, -73.921565 40.836401, -73.921626 40.836422, -73.921632 40.836424, -73.921595 40.836449, -73.921572 40.836464, -73.921405 40.836574, -73.921391 40.836569)))"
2092378,2024890011,1234 JEROME AVENUE,1931.0,1931.0,G2,7,False,0.0,1.0,1.0,155250.0,False,,2001-08-31,,,2.0,True,"MULTIPOLYGON (((-73.921158 40.83649, -73.921201 40.836504, -73.921283 40.836532, -73.921302 40.836539, -73.921372 40.836562, -73.921391 40.836569, -73.921324 40.836618, -73.921179 40.836723, -73.921069 40.836661, -73.921064 40.836658, -73.92107 40.836651, -73.921082 40.83664, -73.921119 40.836601, -73.921125 40.836604, -73.921133 40.836609, -73.921157 40.836586, -73.921174 40.83657, -73.921126 40.836544, -73.92114 40.83652, -73.921158 40.83649)))"
2003009,2024890014,1240 JEROME AVENUE,1931.0,1931.0,G2,7,False,0.0,1.0,1.0,186750.0,False,0.0,2012-07-23,,,1.0,True,"MULTIPOLYGON (((-73.920788 40.83686, -73.920902 40.836669, -73.920919 40.836641, -73.920921 40.836642, -73.920941 40.836649, -73.920962 40.836656, -73.920982 40.836663, -73.921016 40.836675, -73.921017 40.836675, -73.921015 40.836678, -73.920976 40.836745, -73.920989 40.836749, -73.921041 40.836767, -73.92109 40.836784, -73.92105 40.836812, -73.921027 40.836828, -73.921006 40.836829, -73.920967 40.836814, -73.920904 40.836878, -73.920802 40.836981, -73.920779 40.836972, -73.920738 40.836954, -73.920733 40.836952, -73.920788 40.83686)))"
2003010,2024890025,1223 RIVER AVENUE,1905.0,1905.0,B1,1,False,2.0,2.0,1.0,56460.0,False,2.0,2019-09-25,,,1.0,True,"MULTIPOLYGON (((-73.921268 40.836227, -73.921251 40.836221, -73.921226 40.836212, -73.921202 40.836204, -73.92117 40.836193, -73.921207 40.836131, -73.921254 40.836147, -73.921279 40.836156, -73.921305 40.836165, -73.921379 40.836189, -73.921391 40.836193, -73.921363 40.836241, -73.921277 40.836212, -73.921268 40.836227)))"
2003017,2024890077,1264 RIVER AVENUE,1990.0,1990.0,Y2,8,False,0.0,1.0,1.0,11103750.0,False,,2014-12-02,,,1.0,True,"MULTIPOLYGON (((-73.919385 40.837264, -73.919397 40.837165, -73.919431 40.837107, -73.91954 40.836921, -73.919632 40.836952, -73.91972 40.836982, -73.919808 40.837012, -73.91989 40.83704, -73.919969 40.837066, -73.92005 40.837094, -73.920147 40.837127, -73.920238 40.837158, -73.920259 40.837165, -73.920125 40.837394, -73.919693 40.837247, -73.91952 40.837188, -73.919418 40.837362, -73.919597 40.837423, -73.919938 40.837539, -73.919664 40.837719, -73.919638 40.83771, -73.919552 40.837681, -73.91947 40.837653, -73.919417 40.837635, -73.919352 40.837613, -73.919346 40.837611, -73.919373 40.837374, -73.919385 40.837264)))"
2003082,2025060044,1263 EDWARD L GRANT HWY,2002.0,2002.0,H4,5,False,0.0,1.0,1.0,5148450.0,True,80.0,2001-07-23,2001-07-23,2004-09-03 00:00:00,39.0,True,"MULTIPOLYGON (((-73.922534 40.837118, -73.922756 40.837123, -73.922822 40.837125, -73.922863 40.837126, -73.922863 40.837126, -73.922863 40.837138, -73.922859 40.837247, -73.922855 40.837354, -73.922852 40.837423, -73.922849 40.837492, -73.922847 40.837554, -73.922846 40.83757, -73.922846 40.837579, -73.922841 40.837578, -73.922827 40.837578, -73.922813 40.837578, -73.922798 40.837577, -73.922784 40.837577, -73.92277 40.837577, -73.92275 40.837576, -73.922567 40.837572, -73.922516 40.837571, -73.922522 40.837433, -73.922534 40.837118)))"
2129747,2025060054,1249 EDWARD L GRANT HWY,2023.0,2022.0,D1,3,True,110.0,110.0,1.0,6398550.0,True,110.0,2020-12-07,2020-12-07,2025-03-10 00:00:00,3.0,True,"MULTIPOLYGON (((-73.922682 40.836841, -73.922878 40.836905, -73.922869 40.837126, -73.922863 40.837126, -73.922534 40.837118, -73.922545 40.836825, -73.922556 40.836826, -73.922558 40.836755, -73.922581 40.836755, -73.922682 40.836841)))"
2003083,2025060062,1203 JEROME AVENUE,1925.0,1925.0,K4,4,False,0.0,14.0,1.0,2573550.0,True,77.0,2011-01-20,,,40.0,True,"MULTIPOLYGON (((-73.922639 40.836123, -73.922845 40.835988, -73.92291 40.836046, -73.922964 40.836094, -73.922951 40.836102, -73.922887 40.836144, -73.922885 40.836174, -73.922867 40.836431, -73.922866 40.836448, -73.922842 40.836893, -73.922683 40.836841, -73.922549 40.836727, -73.922561 40.83644, -73.922572 40.836216, -73.922572 40.836214, -73.922573 40.83621, -73.922578 40.836201, -73.922584 40.836189, -73.922592 40.836177, -73.9226 40.836166, -73.922609 40.836155, -73.922618 40.836144, -73.922628 40.836133, -73.922639 40.836123)))"
2008106,2028440001,1472 JEROME AVENUE,1920.0,1920.0,K1,5,False,0.0,5.0,1.0,482850.0,False,,2001-02-09,,,7.0,True,"MULTIPOLYGON (((-73.916199 40.841462, -73.916247 40.841396, -73.916328 40.841281, -73.91637 40.841223, -73.916415 40.841242, -73.916539 40.841293, -73.916643 40.841336, -73.916683 40.841352, -73.916685 40.841353, -73.916547 40.841547, -73.91653 40.841571, -73.916515 40.841592, -73.916389 40.84154, -73.91626 40.841487, -73.916199 40.841462)))"
2008107,2028440005,1474 JEROME AVENUE,1947.0,1947.0,G2,7,False,0.0,1.0,1.0,220050.0,False,,,,,,False,"MULTIPOLYGON (((-73.916112 40.841586, -73.916153 40.841527, -73.916199 40.841462, -73.91626 40.841487, -73.916389 40.84154, -73.916515 40.841592, -73.916428 40.841715, -73.916194 40.841619, -73.916112 40.841586)))"
2008108,2028440009,1480 JEROME AVENUE,1920.0,1920.0,G1,10,False,0.0,2.0,1.0,332550.0,False,,2000-11-03,,,6.0,True,"MULTIPOLYGON (((-73.916112 40.841586, -73.916194 40.841619, -73.916428 40.841715, -73.916293 40.841912, -73.916259 40.841959, -73.915939 40.841828, -73.916112 40.841586)))"
2008109,2028440012,1484 JEROME AVENUE,1930.0,1930.0,G1,10,False,0.0,2.0,1.0,500400.0,False,0.0,2010-08-26,,,6.0,True,"MULTIPOLYGON (((-73.915934 40.841834, -73.915939 40.841828, -73.915996 40.841851, -73.916254 40.841957, -73.916197 40.842038, -73.916082 40.842198, -73.916042 40.842181, -73.915955 40.842146, -73.915888 40.842118, -73.915821 40.84209, -73.915767 40.842068, -73.91584 40.841966, -73.915934 40.841834)))"
2008132,2028460001,1504 JEROME AVENUE,1920.0,1920.0,K1,5,False,0.0,1.0,1.0,79650.0,False,,2006-12-08,,,3.0,True,"MULTIPOLYGON (((-73.91588 40.842434, -73.915879 40.842426, -73.915872 40.842386, -73.915869 40.842369, -73.915856 40.842293, -73.91588 40.842303, -73.915948 40.84233, -73.91596 40.842336, -73.915979 40.842343, -73.915979 40.842343, -73.915887 40.842472, -73.915887 40.842473, -73.915887 40.842472, -73.91588 40.842434)))"
2090444,2028460004,1506 JEROME AVENUE,1920.0,1920.0,K1,5,False,0.0,1.0,1.0,313200.0,False,,2000-10-11,,,4.0,True,"MULTIPOLYGON (((-73.915583 40.842281, -73.915584 40.842281, -73.915649 40.842275, -73.915665 40.842373, -73.915866 40.842354, -73.915869 40.842369, -73.915872 40.842386, -73.915879 40.842426, -73.91588 40.842434, -73.915887 40.842472, -73.915887 40.842473, -73.915885 40.842475, -73.915876 40.842487, -73.915798 40.842597, -73.915765 40.842583, -73.915669 40.842544, -73.91557 40.842503, -73.915554 40.842497, -73.915541 40.842491, -73.91555 40.842479, -73.915562 40.842462, -73.915578 40.84246, -73.915596 40.842458, -73.915604 40.842458, -73.915604 40.842457, -73.91561 40.842456, -73.915601 40.842395, -73.915583 40.842281)))"
2008135,2028460006,1510 JEROME AVENUE,1920.0,1920.0,G2,7,False,0.0,1.0,1.0,251550.0,False,,2017-02-22,,,1.0,True,"MULTIPOLYGON (((-73.915664 40.842609, -73.915672 40.842598, -73.915625 40.842578, -73.915646 40.84255, -73.915691 40.842569, -73.915694 40.842564, -73.915795 40.842605, -73.915629 40.842834, -73.91553 40.842793, -73.915523 40.84279, -73.915511 40.842805, -73.915505 40.842803, -73.915451 40.842879, -73.915427 40.842912, -73.915269 40.842848, -73.915306 40.842796, -73.915264 40.842779, -73.915282 40.842754, -73.915305 40.842721, -73.915305 40.842721, -73.915428 40.842552, -73.915595 40.842622, -73.915594 40.842624, -73.915639 40.842643, -73.915664 40.842609)))"
2008136,2028460014,1530 JEROME AVENUE,1920.0,0.0,Z9,,False,0.0,0.0,2.0,194850.0,False,,,,,,False,"MULTIPOLYGON (((-73.915045 40.843106, -73.915049 40.843101, -73.91506 40.843106, -73.91508 40.843114, -73.915053 40.843152, -73.915121 40.84318, -73.915148 40.843191, -73.915107 40.843248, -73.915095 40.843266, -73.915009 40.843231, -73.914982 40.84322, -73.914972 40.843216, -73.914968 40.843215, -73.914989 40.843185, -73.915045 40.843106)))"
2117787,2028460014,1530 JEROME AVENUE,1920.0,0.0,Z9,,False,0.0,0.0,2.0,194850.0,False,,,,,,False,"MULTIPOLYGON (((-73.915119 40.842981, -73.915198 40.842867, -73.91522 40.842876, -73.915262 40.842894, -73.915184 40.843004, -73.915139 40.842987, -73.915119 40.842981)))"
2008137,2028460021,1546 JEROME AVENUE,1920.0,1920.0,G1,10,False,0.0,3.0,1.0,261450.0,False,,2003-04-29,,,5.0,True,"MULTIPOLYGON (((-73.91506 40.843631, -73.915009 40.843645, -73.914877 40.843683, -73.914809 40.843702, -73.914753 40.843718, -73.914745 40.843719, -73.914681 40.843725, -73.914664 40.843727, -73.914704 40.843671, -73.914894 40.843402, -73.914881 40.843396, -73.91487 40.843392, -73.914857 40.843387, -73.914844 40.843381, -73.914832 40.843376, -73.91492 40.843252, -73.914925 40.843254, -73.914935 40.843258, -73.914945 40.843262, -73.914955 40.843266, -73.914994 40.843282, -73.915091 40.843322, -73.915175 40.843356, -73.915237 40.843381, -73.915221 40.843404, -73.91506 40.843631)))"
2008138,2028460027,1560 JEROME AVENUE,1929.0,1929.0,G1,10,False,0.0,1.0,1.0,365400.0,False,,,,,,False,"MULTIPOLYGON (((-73.914503 40.843843, -73.914547 40.84378, -73.914579 40.843736, -73.914606 40.843733, -73.914642 40.843729, -73.914664 40.843727, -73.914681 40.843725, -73.914745 40.843719, -73.914753 40.843718, -73.914809 40.843702, -73.914877 40.843683, -73.915009 40.843645, -73.91506 40.843631, -73.914912 40.84384, -73.914818 40.843972, -73.914789 40.84396, -73.91474 40.84394, -73.914696 40.843922, -73.914664 40.843909, -73.91463 40.843895, -73.91457 40.84387, -73.914511 40.843846, -73.914503 40.843843)))"
2008139,2028460032,2 EAST MT EDEN AVENUE,1920.0,1920.0,K1,5,False,0.0,10.0,1.0,569700.0,False,0.0,2000-10-04,,,15.0,True,"MULTIPOLYGON (((-73.914333 40.844084, -73.914336 40.844079, -73.91439 40.844003, -73.914409 40.843976, -73.914443 40.843928, -73.914496 40.843853, -73.914503 40.843843, -73.914511 40.843846, -73.91457 40.84387, -73.91463 40.843895, -73.914664 40.843909, -73.914696 40.843922, -73.91474 40.84394, -73.914789 40.84396, -73.914818 40.843972, -73.914754 40.844063, -73.914667 40.844186, -73.914648 40.844213, -73.914647 40.844212, -73.914614 40.844199, -73.914528 40.844164, -73.914457 40.844134, -73.914388 40.844106, -73.914333 40.844084)))"
2008154,2028480012,1680 JEROME AVENUE,1925.0,1925.0,G8,5,False,0.0,3.0,1.0,927000.0,False,,2001-02-21,,,16.0,True,"MULTIPOLYGON (((-73.912824 40.846194, -73.91284 40.846171, -73.912975 40.845983, -73.912976 40.845982, -73.912977 40.845981, -73.913029 40.846002, -73.913097 40.846031, -73.913286 40.846109, -73.913285 40.846111, -73.913133 40.846322, -73.912824 40.846194)))"
2008155,2028480016,1690 JEROME AVENUE,1920.0,1920.0,K2,5,False,0.0,2.0,1.0,293400.0,False,,2004-04-29,,,2.0,True,"MULTIPOLYGON (((-73.912824 40.846194, -73.913133 40.846322, -73.913054 40.846432, -73.913039 40.846438, -73.913007 40.846425, -73.912738 40.846313, -73.912758 40.846284, -73.912824 40.846194)))"
2008173,2028490001,1696 JEROME AVENUE,1920.0,1920.0,G9,7,False,0.0,2.0,1.0,1257300.0,False,0.0,2000-06-02,,,12.0,True,"MULTIPOLYGON (((-73.91246 40.8467, -73.91243 40.846687, -73.912566 40.846496, -73.912581 40.846475, -73.912601 40.846447, -73.912832 40.846543, -73.912947 40.846589, -73.912776 40.846829, -73.91246 40.8467)))"
2008174,2028490005,1712 JEROME AVENUE,1920.0,1920.0,G1,10,False,0.0,2.0,1.0,345600.0,False,,2003-06-17,,,3.0,True,"MULTIPOLYGON (((-73.9123 40.846948, -73.912287 40.846943, -73.912341 40.846867, -73.91246 40.8467, -73.912776 40.846829, -73.912712 40.846919, -73.912603 40.847072, -73.9123 40.846948)))"
2008176,2028490013,1736 JEROME AVENUE,1972.0,1972.0,G3,7,False,0.0,1.0,1.0,783450.0,False,,2003-04-21,2003-04-21,,9.0,True,"MULTIPOLYGON (((-73.912221 40.847277, -73.912163 40.84729, -73.91213 40.847276, -73.912155 40.847241, -73.912178 40.847208, -73.912266 40.847245, -73.912247 40.847271, -73.912221 40.847277)))"
2008247,2028530001,1900 JEROME AVENUE,1920.0,1920.0,G9,7,False,0.0,2.0,1.0,644400.0,False,,2019-03-18,,,1.0,True,"MULTIPOLYGON (((-73.909801 40.850362, -73.909802 40.85036, -73.909855 40.850205, -73.90988 40.850131, -73.909881 40.850131, -73.909937 40.850142, -73.910068 40.850168, -73.91017 40.850188, -73.910298 40.850213, -73.910352 40.850224, -73.910151 40.850506, -73.910103 40.850486, -73.910017 40.850451, -73.909946 40.850422, -73.909874 40.850392, -73.909802 40.850363, -73.909801 40.850362)))"
2008248,2028530006,1928 JEROME AVENUE,1920.0,1920.0,G1,10,False,0.0,2.0,1.0,305100.0,False,,2017-02-24,,,1.0,True,"MULTIPOLYGON (((-73.909777 40.850419, -73.909781 40.850415, -73.909787 40.850407, -73.909801 40.850362, -73.909802 40.850363, -73.909874 40.850392, -73.909946 40.850422, -73.910017 40.850451, -73.910103 40.850486, -73.910151 40.850506, -73.910097 40.850581, -73.910034 40.850651, -73.910009 40.850638, -73.909934 40.850598, -73.909859 40.850559, -73.909784 40.85052, -73.909723 40.850487, -73.909777 40.850419)))"
2100235,2028530009,1932 JEROME AVENUE,1920.0,1920.0,G2,7,False,0.0,3.0,1.0,355500.0,False,,2006-12-04,,,2.0,True,"MULTIPOLYGON (((-73.909552 40.850715, -73.909527 40.850704, -73.909463 40.850675, -73.909463 40.850675, -73.909557 40.850404, -73.909566 40.850377, -73.909571 40.850378, -73.909577 40.850379, -73.909671 40.850398, -73.909762 40.850416, -73.909777 40.850419, -73.909723 40.850487, -73.909784 40.85052, -73.909859 40.850559, -73.909934 40.850598, -73.910009 40.850638, -73.910034 40.850651, -73.909929 40.850767, -73.909886 40.850744, -73.909844 40.850722, -73.909797 40.850697, -73.909722 40.850658, -73.909643 40.850616, -73.909632 40.85061, -73.909552 40.850715)))"
2008250,2028530011,1934 JEROME AVENUE,1920.0,1920.0,K2,5,False,0.0,1.0,1.0,501750.0,False,,2012-10-04,,,2.0,True,"MULTIPOLYGON (((-73.909527 40.850749, -73.909552 40.850715, -73.909632 40.85061, -73.909643 40.850616, -73.909722 40.850658, -73.909797 40.850697, -73.909844 40.850722, -73.909886 40.850744, -73.909929 40.850767, -73.909879 40.850821, -73.909818 40.850809, -73.90973 40.850791, -73.90968 40.85078, -73.909629 40.85077, -73.909574 40.850758, -73.909527 40.850749)))"
2129813,2028530012,1940 JEROME AVENUE,2026.0,2025.0,D7,4,True,115.0,117.0,1.0,5749200.0,False,,,2022-08-22,,,False,"MULTIPOLYGON (((-73.909879 40.850821, -73.909618 40.851107, -73.909411 40.850997, -73.909338 40.85096, -73.90953 40.850749, -73.909879 40.850821)))"
2008253,2028530017,1946 JEROME AVENUE,1920.0,1920.0,G2,7,False,0.0,4.0,1.0,584100.0,False,0.0,2000-10-30,,,4.0,True,"MULTIPOLYGON (((-73.909009 40.851207, -73.909161 40.851041, -73.909218 40.851071, -73.909218 40.85107, -73.909248 40.851038, -73.909325 40.850953, -73.909358 40.85097, -73.909376 40.850979, -73.909401 40.850992, -73.909458 40.851023, -73.909459 40.851023, -73.909582 40.851088, -73.909619 40.851107, -73.909511 40.851225, -73.909359 40.851391, -73.90934 40.851381, -73.909285 40.851352, -73.909176 40.851295, -73.909066 40.851237, -73.909009 40.851207)))"
2129188,2028550001,1237 JEROME AVENUE,2018.0,2018.0,G3,7,False,0.0,1.0,2.0,379800.0,False,,2016-06-14,2016-06-14,,3.0,True,"MULTIPOLYGON (((-73.921598 40.836983, -73.921597 40.837, -73.92157 40.837018, -73.921447 40.836911, -73.921485 40.836885, -73.921598 40.836983)))"
2129189,2028550001,1237 JEROME AVENUE,2018.0,2018.0,G3,7,False,0.0,1.0,2.0,379800.0,False,,,,,,False,"MULTIPOLYGON (((-73.92172 40.836747, -73.921776 40.836795, -73.921643 40.836883, -73.921705 40.836937, -73.92164 40.83698, -73.921523 40.836878, -73.92172 40.836747)))"
2008274,2028550008,1241 JEROME AVENUE,1925.0,1925.0,G2,7,False,0.0,1.0,1.0,196650.0,False,,2006-08-14,,,2.0,True,"MULTIPOLYGON (((-73.921351 40.837033, -73.921351 40.837033, -73.921313 40.837, -73.921374 40.836959, -73.921447 40.836911, -73.92157 40.837018, -73.921628 40.837069, -73.92163 40.83707, -73.921571 40.837186, -73.921567 40.837193, -73.921549 40.837205, -73.921515 40.837176, -73.921351 40.837033)))"
2008275,2028550012,1245 JEROME AVENUE,1934.0,1934.0,G1,10,False,0.0,2.0,1.0,131400.0,False,,2002-11-22,,,2.0,True,"MULTIPOLYGON (((-73.921351 40.837033, -73.921515 40.837176, -73.921549 40.837205, -73.921552 40.837216, -73.921518 40.837272, -73.921486 40.837244, -73.921341 40.837118, -73.921315 40.837095, -73.921351 40.837034, -73.921351 40.837033)))"
2008276,2028550015,1251 JEROME AVENUE,1928.0,1928.0,GW,5,False,0.0,1.0,1.0,112500.0,False,,,,,,False,"MULTIPOLYGON (((-73.92111 40.837184, -73.921095 40.837171, -73.921077 40.837156, -73.921099 40.837141, -73.921145 40.837111, -73.921428 40.837357, -73.92136 40.837402, -73.92111 40.837184)))"
2008277,2028550016,1253 JEROME AVENUE,2007.0,2007.0,E7,6,False,0.0,1.0,1.0,3223800.0,False,0.0,2006-10-27,2006-10-27,2009-08-21 00:00:00,10.0,True,"MULTIPOLYGON (((-73.920868 40.837294, -73.921077 40.837156, -73.921095 40.837171, -73.92111 40.837184, -73.921208 40.837269, -73.921229 40.837288, -73.921245 40.837302, -73.921273 40.837326, -73.921352 40.837395, -73.921355 40.837397, -73.92136 40.837402, -73.921354 40.837406, -73.921394 40.837441, -73.92143 40.837472, -73.921424 40.837483, -73.921318 40.837686, -73.921142 40.837533, -73.921101 40.837497, -73.921091 40.837488, -73.921008 40.837416, -73.920999 40.837408, -73.920868 40.837294)))"
2008278,2028550020,8 WEST 169 STREET,1928.0,1928.0,C7,4,True,53.0,54.0,1.0,1431000.0,True,53.0,2004-10-27,,,10.0,True,"MULTIPOLYGON (((-73.920982 40.83779, -73.921068 40.837732, -73.921082 40.837744, -73.921138 40.837707, -73.921084 40.83766, -73.921028 40.837697, -73.921034 40.837703, -73.920992 40.837731, -73.920948 40.83776, -73.920846 40.837672, -73.920922 40.837621, -73.920939 40.837636, -73.921081 40.837541, -73.921086 40.837538, -73.921184 40.837622, -73.921191 40.837618, -73.921261 40.837679, -73.921303 40.837716, -73.921304 40.837717, -73.921302 40.837718, -73.921287 40.837728, -73.921294 40.837733, -73.921296 40.837735, -73.921291 40.837738, -73.921166 40.837821, -73.921082 40.837877, -73.920982 40.83779)))"
2008279,2028550025,1265 JEROME AVENUE,1921.0,1921.0,C7,4,True,19.0,21.0,1.0,661050.0,True,19.0,2004-08-18,,,14.0,True,"MULTIPOLYGON (((-73.920733 40.837384, -73.920787 40.837431, -73.920791 40.837434, -73.920781 40.837452, -73.920786 40.837457, -73.920871 40.837531, -73.920938 40.837589, -73.920832 40.837659, -73.920814 40.837643, -73.920661 40.83751, -73.920609 40.837466, -73.920733 40.837384)))"
2008280,2028550027,1263 JEROME AVENUE,1921.0,1921.0,C7,4,True,10.0,12.0,1.0,395550.0,True,10.0,2001-10-05,,,5.0,True,"MULTIPOLYGON (((-73.920791 40.837434, -73.920787 40.837431, -73.920733 40.837384, -73.920746 40.837375, -73.920799 40.83734, -73.920848 40.837382, -73.920855 40.837388, -73.920848 40.837399, -73.920885 40.83743, -73.920901 40.837429, -73.920913 40.837439, -73.920926 40.83745, -73.920943 40.837465, -73.920938 40.837478, -73.920988 40.837522, -73.920942 40.837552, -73.9209 40.837516, -73.9209 40.837509, -73.92088 40.837509, -73.920876 40.837509, -73.920834 40.837473, -73.920841 40.837461, -73.920813 40.837437, -73.9208 40.837434, -73.920796 40.837431, -73.920791 40.837434)))"
2008281,2028550028,1261 JEROME AVENUE,1926.0,1926.0,G2,7,False,0.0,1.0,1.0,83700.0,False,,,2025-12-10,,,False,"MULTIPOLYGON (((-73.920799 40.83734, -73.920868 40.837294, -73.920999 40.837408, -73.921008 40.837416, -73.921091 40.837488, -73.921101 40.837497, -73.921092 40.837503, -73.921032 40.837543, -73.920943 40.837465, -73.920926 40.83745, -73.920913 40.837439, -73.920901 40.837429, -73.920855 40.837388, -73.920848 40.837382, -73.920799 40.83734)))"
2008282,2028550042,1280 INWOOD AVENUE,1920.0,1920.0,G1,10,False,0.0,2.0,1.0,300150.0,False,,2000-03-23,,,10.0,True,"MULTIPOLYGON (((-73.920417 40.83795, -73.920622 40.837815, -73.920684 40.837869, -73.920779 40.837952, -73.920858 40.838022, -73.920653 40.838157, -73.920617 40.838125, -73.92052 40.83804, -73.920417 40.83795)))"
2008283,2028550045,1275 JEROME AVENUE,1920.0,1920.0,G2,7,False,0.0,2.0,1.0,259650.0,False,0.0,2009-07-31,,,3.0,True,"MULTIPOLYGON (((-73.91991 40.837923, -73.920062 40.837823, -73.920182 40.837744, -73.920279 40.837829, -73.920405 40.837939, -73.920417 40.83795, -73.92052 40.83804, -73.920617 40.838125, -73.920653 40.838157, -73.920502 40.838256, -73.920381 40.838336, -73.920304 40.838269, -73.920192 40.83817, -73.920071 40.838064, -73.919949 40.837957, -73.91991 40.837923)))"
2008284,2028550051,1298 INWOOD AVENUE,1926.0,2025.0,D7,4,True,195.0,196.0,1.0,7053750.0,False,,2000-11-13,,,1.0,True,"MULTIPOLYGON (((-73.919635 40.838104, -73.91991 40.837923, -73.919949 40.837957, -73.920071 40.838064, -73.920192 40.83817, -73.920304 40.838269, -73.920381 40.838336, -73.920106 40.838517, -73.92006 40.838477, -73.919975 40.838403, -73.919859 40.838301, -73.919744 40.838201, -73.919635 40.838104)))"
2008285,2028550053,1304 INWOOD AVENUE,1920.0,1920.0,K4,4,False,0.0,2.0,1.0,810450.0,False,,2019-05-16,,,1.0,True,"MULTIPOLYGON (((-73.919635 40.838104, -73.919744 40.838201, -73.919859 40.838301, -73.919975 40.838403, -73.92006 40.838477, -73.920106 40.838517, -73.919975 40.838603, -73.919973 40.838604, -73.919937 40.838572, -73.919881 40.838523, -73.919856 40.838501, -73.919758 40.838416, -73.91965 40.838321, -73.919541 40.838226, -73.919502 40.838192, -73.919621 40.838114, -73.919635 40.838104)))"
2008286,2028550065,1271 JEROME AVENUE,1920.0,1920.0,G2,7,False,0.0,4.0,1.0,323100.0,True,4.0,2006-02-17,,,4.0,True,"MULTIPOLYGON (((-73.920182 40.837744, -73.920361 40.837626, -73.920388 40.837609, -73.920497 40.837705, -73.920622 40.837815, -73.920417 40.83795, -73.920405 40.837939, -73.920279 40.837829, -73.920182 40.837744)))"
2008287,2028560011,1342 INWOOD AVENUE,1990.0,1990.0,F5,6,False,0.0,1.0,1.0,1755000.0,False,1.0,2012-05-23,,,9.0,True,"MULTIPOLYGON (((-73.918983 40.839735, -73.918949 40.839725, -73.918949 40.839725, -73.918934 40.839721, -73.918961 40.839668, -73.918979 40.839673, -73.919016 40.839599, -73.919009 40.839597, -73.919054 40.839507, -73.919106 40.839402, -73.919124 40.839366, -73.919194 40.839226, -73.919202 40.839211, -73.919253 40.839226, -73.919329 40.839248, -73.919417 40.839273, -73.919506 40.839299, -73.919579 40.83932, -73.91941 40.839658, -73.919323 40.839833, -73.919255 40.839814, -73.919193 40.839796, -73.919132 40.839778, -73.919071 40.839761, -73.91901 40.839743, -73.918983 40.839735)))"
2008288,2028560019,1364 INWOOD AVENUE,1909.0,1909.0,E9,6,False,0.0,1.0,1.0,95400.0,False,,2012-03-22,,,3.0,True,"MULTIPOLYGON (((-73.91895 40.8398, -73.918983 40.839735, -73.91901 40.839743, -73.919071 40.839761, -73.919132 40.839778, -73.919193 40.839796, -73.919255 40.839814, -73.919323 40.839833, -73.91929 40.839898, -73.919284 40.839897, -73.919136 40.839854, -73.919073 40.839836, -73.919012 40.839818, -73.918951 40.839801, -73.91895 40.8398)))"
2008289,2028560020,1363 JEROME AVENUE,1966.0,1966.0,O2,5,False,0.0,3.0,1.0,3879900.0,False,2.0,2000-05-04,,,26.0,True,"MULTIPOLYGON (((-73.918934 40.839721, -73.918949 40.839725, -73.918948 40.839726, -73.918916 40.839791, -73.91895 40.8398, -73.918951 40.839801, -73.919012 40.839818, -73.919073 40.839836, -73.919136 40.839854, -73.919284 40.839897, -73.91929 40.839898, -73.919287 40.839904, -73.919194 40.84009, -73.919178 40.840085, -73.919162 40.840081, -73.918985 40.84003, -73.918856 40.839993, -73.918793 40.840119, -73.918757 40.840109, -73.918714 40.840096, -73.91867 40.840084, -73.918627 40.840071, -73.918584 40.840059, -73.918538 40.840045, -73.918493 40.840033, -73.918449 40.84002, -73.918406 40.840007, -73.918375 40.839999, -73.918478 40.839793, -73.918566 40.839615, -73.918586 40.839621, -73.918686 40.83965, -73.918792 40.83968, -73.918888 40.839708, -73.918934 40.839721)))"
2008291,2028560023,1376 INWOOD AVENUE,1920.0,0.0,V0,11,False,0.0,0.0,2.0,18240.0,True,,2019-02-13,,,2.0,True,"MULTIPOLYGON (((-73.919047 40.84012, -73.919131 40.840144, -73.919135 40.840156, -73.919125 40.840176, -73.919117 40.84018, -73.919112 40.840182, -73.919099 40.840208, -73.919015 40.840184, -73.918921 40.840156, -73.918947 40.840105, -73.919041 40.840132, -73.919047 40.84012)))"
2008292,2028560029,14 WEST 170 STREET,1972.0,1972.0,P9,8,False,0.0,1.0,1.0,3859200.0,False,1.0,2001-09-04,,,7.0,True,"MULTIPOLYGON (((-73.918236 40.840266, -73.918354 40.840031, -73.918357 40.840032, -73.918387 40.840041, -73.918439 40.840056, -73.918497 40.840073, -73.918556 40.84009, -73.918616 40.840107, -73.918623 40.840109, -73.918619 40.840118, -73.918616 40.840122, -73.91862 40.840123, -73.918683 40.840141, -73.918743 40.840159, -73.918792 40.840173, -73.91878 40.840197, -73.918891 40.840229, -73.919085 40.840285, -73.919092 40.840287, -73.91903 40.840411, -73.918974 40.840523, -73.918959 40.840518, -73.918857 40.840489, -73.918761 40.840461, -73.918664 40.840433, -73.91857 40.840406, -73.918515 40.84039, -73.918534 40.840352, -73.918465 40.840332, -73.918404 40.840314, -73.918331 40.840293, -73.918239 40.840267, -73.918236 40.840266)))"
2008293,2028560045,1345 JEROME AVENUE,1931.0,1931.0,M1,8,False,0.0,1.0,1.0,496350.0,False,0.0,2005-03-08,,,4.0,True,"MULTIPOLYGON (((-73.918716 40.839123, -73.918726 40.839074, -73.918823 40.839102, -73.918896 40.839123, -73.918933 40.839134, -73.919068 40.839173, -73.919196 40.83921, -73.919202 40.839211, -73.919194 40.839226, -73.919124 40.839366, -73.919106 40.839402, -73.919065 40.83939, -73.918984 40.839367, -73.918809 40.839316, -73.918683 40.83928, -73.918711 40.839148, -73.918716 40.839123)))"
2008294,2028560049,1339 JEROME AVENUE,1925.0,1925.0,E9,6,False,0.0,1.0,1.0,558000.0,False,,2013-04-04,,,6.0,True,"MULTIPOLYGON (((-73.918726 40.839074, -73.918815 40.838952, -73.918888 40.838973, -73.918987 40.839002, -73.919087 40.83903, -73.919187 40.839059, -73.919263 40.839081, -73.919264 40.839081, -73.919268 40.839082, -73.91927 40.839083, -73.919352 40.839107, -73.919411 40.839124, -73.91945 40.839135, -73.919537 40.83916, -73.919627 40.839186, -73.919643 40.839191, -73.919586 40.839305, -73.919579 40.83932, -73.919506 40.839299, -73.919417 40.839273, -73.919329 40.839248, -73.919253 40.839226, -73.919202 40.839211, -73.919196 40.83921, -73.919068 40.839173, -73.918933 40.839134, -73.918896 40.839123, -73.918823 40.839102, -73.918726 40.839074)))"
2008295,2028560051,1337 JEROME AVENUE,1920.0,1920.0,O1,5,False,0.0,1.0,1.0,461250.0,False,,,,,,False,"MULTIPOLYGON (((-73.918815 40.838952, -73.918885 40.838857, -73.918904 40.83883, -73.919067 40.838877, -73.919168 40.838906, -73.919251 40.83893, -73.919279 40.838938, -73.919306 40.838946, -73.919327 40.838952, -73.919264 40.839077, -73.919263 40.839081, -73.919187 40.839059, -73.919087 40.83903, -73.918987 40.839002, -73.918888 40.838973, -73.918815 40.838952)))"
2129224,2028560053,,2021.0,,,,False,,,,,True,255.0,2018-06-15,2018-06-15,2023-04-10 00:00:00,26.0,True,"MULTIPOLYGON (((-73.918909 40.838832, -73.919157 40.83847, -73.919232 40.838377, -73.919373 40.838288, -73.91964 40.838523, -73.919606 40.83859, -73.919517 40.838556, -73.919417 40.838693, -73.919389 40.838685, -73.919252 40.83893, -73.918909 40.838832)))"
2130757,2028560141,1351 JEROME AVENUE,2025.0,2024.0,D6,4,True,247.0,249.0,1.0,15632550.0,False,,2023-03-20,2022-05-04,2026-05-14 19:49:21,1.0,True,"MULTIPOLYGON (((-73.918548 40.839611, -73.918644 40.839418, -73.918683 40.83928, -73.919019 40.839378, -73.918888 40.839708, -73.918548 40.839611)))"
2129740,2028570001,1400 CROMWELL AVENUE,2024.0,2023.0,W3,8,False,0.0,1.0,1.0,9632700.0,False,,2012-08-07,2020-12-18,2025-01-24 00:00:00,6.0,True,"MULTIPOLYGON (((-73.919599 40.840934, -73.919411 40.841189, -73.91923 40.841111, -73.919354 40.840941, -73.919192 40.840872, -73.919065 40.84104, -73.918875 40.840958, -73.919031 40.840768, -73.919599 40.840934)))"
2130572,2028570024,CROMWELL AVENUE,2023.0,0.0,G6,10,False,0.0,0.0,0.0,15368.0,False,,2021-02-11,2021-02-11,,5.0,True,"MULTIPOLYGON (((-73.918147 40.842218, -73.918136 40.841897, -73.918322 40.841986, -73.918695 40.842151, -73.918643 40.842219, -73.918412 40.842208, -73.918391 40.842234, -73.918147 40.842218)))"
2008301,2028570028,1485 MACOMBS ROAD,1937.0,1937.0,D1,3,True,49.0,49.0,1.0,624150.0,True,49.0,2003-08-08,,,4.0,True,"MULTIPOLYGON (((-73.918163 40.842623, -73.918157 40.842513, -73.918173 40.842513, -73.918171 40.84245, -73.918155 40.84245, -73.918152 40.842359, -73.918264 40.842365, -73.918262 40.842387, -73.918295 40.842389, -73.918297 40.842367, -73.918328 40.842369, -73.918497 40.842378, -73.918521 40.842389, -73.918451 40.84248, -73.918427 40.842469, -73.918409 40.842493, -73.918421 40.842499, -73.918373 40.842562, -73.918361 40.842557, -73.918342 40.842582, -73.918366 40.842592, -73.918297 40.842682, -73.918284 40.842677, -73.918163 40.842623)))"
2008302,2028570043,1447 INWOOD AVENUE,1925.0,1925.0,G2,7,False,0.0,1.0,1.0,143550.0,False,,2001-02-15,,,4.0,True,"MULTIPOLYGON (((-73.9182 40.841765, -73.91831 40.841818, -73.918419 40.84187, -73.918322 40.841986, -73.918203 40.841929, -73.918136 40.841897, -73.918134 40.841844, -73.9182 40.841765)))"
2008306,2028570064,25 WEST 170 STREET,1930.0,1930.0,G9,7,False,0.0,5.0,1.0,807750.0,False,,2002-04-09,,,7.0,True,"MULTIPOLYGON (((-73.918187 40.840967, -73.918205 40.840931, -73.918219 40.840904, -73.918258 40.840915, -73.918269 40.840914, -73.918342 40.840907, -73.918385 40.84082, -73.918421 40.840748, -73.918427 40.84075, -73.918459 40.840685, -73.918481 40.840641, -73.918491 40.840621, -73.918504 40.840624, -73.918599 40.840652, -73.918706 40.840682, -73.918817 40.840714, -73.918819 40.840715, -73.918512 40.841083, -73.918491 40.841108, -73.918485 40.841105, -73.91839 40.841061, -73.918294 40.841017, -73.918198 40.840972, -73.918187 40.840967)))"
2008307,2028570071,1430 INWOOD AVENUE,1928.0,1928.0,G9,7,False,0.0,2.0,1.0,1469700.0,True,20.0,2006-10-05,,,8.0,True,"MULTIPOLYGON (((-73.918187 40.840967, -73.918198 40.840972, -73.918294 40.841017, -73.91839 40.841061, -73.918485 40.841105, -73.918491 40.841108, -73.918292 40.841343, -73.91824 40.841317, -73.918147 40.84127, -73.918054 40.841223, -73.917992 40.841192, -73.918139 40.841022, -73.918187 40.840967)))"
2008308,2028570077,1447 MACOMBS ROAD,1927.0,1927.0,C1,2,True,53.0,53.0,1.0,1156950.0,True,53.0,2011-10-24,,,12.0,True,"MULTIPOLYGON (((-73.91785 40.841359, -73.917892 40.84131, -73.917917 40.841322, -73.917953 40.841279, -73.917988 40.841237, -73.918016 40.841251, -73.918098 40.841291, -73.918073 40.841321, -73.918058 40.841339, -73.918099 40.841359, -73.918144 40.841305, -73.918214 40.841339, -73.918273 40.841368, -73.918209 40.841444, -73.918035 40.841653, -73.91802 40.84165, -73.918005 40.841626, -73.917949 40.841533, -73.917948 40.841532, -73.91795 40.841532, -73.917982 40.841523, -73.918035 40.84146, -73.918062 40.841428, -73.918012 40.841404, -73.917953 40.841475, -73.917922 40.841484, -73.917898 40.841444, -73.91785 40.841359)))"
2008309,2028570081,1425 PLAZA DRIVE,1927.0,1927.0,C7,4,True,35.0,39.0,1.0,722250.0,True,38.0,2003-06-18,,,7.0,True,"MULTIPOLYGON (((-73.917892 40.84131, -73.91785 40.841359, -73.91784 40.841341, -73.917786 40.841248, -73.917764 40.841209, -73.917782 40.841173, -73.91781 40.841118, -73.917863 40.841133, -73.917919 40.841149, -73.917936 40.841115, -73.917899 40.841104, -73.917828 40.841083, -73.917864 40.841011, -73.918037 40.840983, -73.918052 40.840981, -73.918064 40.840987, -73.918122 40.840979, -73.918127 40.840999, -73.918021 40.841124, -73.917988 40.841164, -73.918005 40.841173, -73.917962 40.841225, -73.917927 40.841208, -73.917885 40.841257, -73.917906 40.841292, -73.917901 40.841299, -73.917892 40.84131)))"
2008310,2028570090,1405 PLAZA DRIVE,1927.0,1927.0,E1,6,False,0.0,1.0,1.0,3908250.0,False,1.0,2001-11-26,,,8.0,True,"MULTIPOLYGON (((-73.918087 40.840579, -73.918145 40.840596, -73.91824 40.840623, -73.918334 40.84065, -73.918429 40.840677, -73.918459 40.840685, -73.918427 40.84075, -73.918421 40.840748, -73.918385 40.84082, -73.918342 40.840907, -73.918269 40.840914, -73.918258 40.840915, -73.918219 40.840904, -73.918205 40.840931, -73.918079 40.840947, -73.918054 40.840951, -73.918095 40.840868, -73.918046 40.840854, -73.917963 40.84083, -73.917982 40.840791, -73.918046 40.840661, -73.918087 40.840579)))"
2008311,2028570094,1401 PLAZA DRIVE,1925.0,1925.0,K9,5,False,0.0,4.0,1.0,795150.0,False,0.0,2000-12-27,,,16.0,True,"MULTIPOLYGON (((-73.918087 40.840579, -73.918114 40.840524, -73.918119 40.840514, -73.918126 40.840516, -73.91822 40.840543, -73.918315 40.84057, -73.918409 40.840597, -73.918491 40.840621, -73.918481 40.840641, -73.918459 40.840685, -73.918429 40.840677, -73.918334 40.84065, -73.91824 40.840623, -73.918145 40.840596, -73.918087 40.840579)))"
2008313,2028580001,1460 MACOMBS ROAD,1930.0,1930.0,D7,4,True,102.0,109.0,1.0,3963150.0,True,109.0,2001-09-26,,,26.0,True,"MULTIPOLYGON (((-73.917243 40.842193, -73.917323 40.842081, -73.917325 40.842078, -73.917328 40.842079, -73.917336 40.842082, -73.917344 40.842071, -73.917415 40.841971, -73.917477 40.841997, -73.917486 40.842001, -73.917516 40.841959, -73.917515 40.841959, -73.917445 40.84193, -73.917492 40.841864, -73.917529 40.841853, -73.917534 40.841839, -73.917514 40.841817, -73.917502 40.84182, -73.917498 40.841812, -73.917461 40.841826, -73.917449 40.841842, -73.917405 40.841904, -73.917402 40.841903, -73.917227 40.841831, -73.917297 40.841733, -73.917371 40.841763, -73.917383 40.841747, -73.917404 40.841755, -73.917415 40.841739, -73.917321 40.841701, -73.917376 40.841624, -73.917399 40.841617, -73.917395 40.841607, -73.917417 40.8416, -73.917403 40.84157, -73.917487 40.841448, -73.917497 40.841447, -73.917503 40.841457, -73.917606 40.841631, -73.917505 40.841665, -73.917528 40.841703, -73.917601 40.841678, -73.917628 40.841669, -73.91768 40.841757, -73.9177 40.841791, -73.917669 40.841802, -73.917602 40.841824, -73.917623 40.84186, -73.91766 40.841847, -73.917721 40.841827, -73.917767 40.841905, -73.917774 40.841917, -73.917773 40.841958, -73.917773 40.841961, -73.917627 40.842167, -73.917627 40.842167, -73.917503 40.842178, -73.917489 40.842095, -73.917476 40.842088, -73.917457 40.842089, -73.917462 40.842107, -73.91743 40.842112, -73.917437 40.842184, -73.917246 40.842201, -73.917243 40.842193)))"
2008314,2028580009,10 WEST 172 STREET,1931.0,1931.0,G9,7,False,0.0,1.0,1.0,826650.0,False,2.0,2014-01-15,,,8.0,True,"MULTIPOLYGON (((-73.9167 40.841923, -73.916754 40.841945, -73.916944 40.842023, -73.917014 40.842051, -73.917134 40.841881, -73.917169 40.841832, -73.917186 40.841839, -73.917391 40.841923, -73.917361 40.841965, -73.917259 40.84211, -73.917187 40.842211, -73.917064 40.842222, -73.916881 40.842239, -73.916649 40.842261, -73.916522 40.842272, -73.916494 40.842241, -73.916484 40.842229, -73.9167 40.841923)))"
2008315,2028580015,1481 JEROME AVENUE,1905.0,1905.0,G1,10,False,0.0,1.0,1.0,664650.0,False,,2008-01-03,,,5.0,True,"MULTIPOLYGON (((-73.9167 40.841923, -73.916869 40.841684, -73.916996 40.841736, -73.917183 40.841812, -73.917169 40.841832, -73.917134 40.841881, -73.917014 40.842051, -73.916944 40.842023, -73.916754 40.841945, -73.9167 40.841923)))"
2008316,2028580019,1477 JEROME AVENUE,1925.0,1925.0,G9,7,False,0.0,2.0,1.0,710100.0,False,,2010-04-05,,,1.0,True,"MULTIPOLYGON (((-73.916869 40.841684, -73.91696 40.841555, -73.91704 40.841442, -73.917049 40.841446, -73.917174 40.841497, -73.917307 40.841551, -73.917354 40.84157, -73.917244 40.841726, -73.917183 40.841812, -73.916996 40.841736, -73.916869 40.841684)))"
2008317,2028580023,1465 JEROME AVENUE,1925.0,1925.0,K2,5,False,0.0,2.0,1.0,632700.0,False,,2000-01-31,,,24.0,True,"MULTIPOLYGON (((-73.91704 40.841442, -73.917168 40.841261, -73.917203 40.841276, -73.917224 40.841284, -73.917329 40.841327, -73.917444 40.841374, -73.917451 40.841376, -73.91746 40.84138, -73.917473 40.841401, -73.917354 40.84157, -73.917307 40.841551, -73.917174 40.841497, -73.917049 40.841446, -73.91704 40.841442)))"
2008318,2028580028,1461 JEROME AVENUE,1927.0,1927.0,G1,10,False,0.0,1.0,1.0,128700.0,False,,,,,,False,"MULTIPOLYGON (((-73.917224 40.841284, -73.91722 40.841272, -73.917301 40.841246, -73.917276 40.841203, -73.917265 40.841182, -73.917235 40.841165, -73.917295 40.84108, -73.917336 40.841157, -73.917384 40.841247, -73.917397 40.841243, -73.917404 40.841256, -73.917463 40.84136, -73.917469 40.841369, -73.917451 40.841376, -73.917444 40.841374, -73.917329 40.841327, -73.917224 40.841284)))"
2008319,2028590001,1484 INWOOD AVENUE,1928.0,1928.0,D7,4,True,33.0,34.0,1.0,614700.0,True,34.0,2013-07-05,,,3.0,True,"MULTIPOLYGON (((-73.91719 40.842462, -73.917182 40.84246, -73.917161 40.842461, -73.917149 40.842382, -73.917194 40.842378, -73.917384 40.84236, -73.917478 40.842352, -73.91749 40.84236, -73.917335 40.84258, -73.917329 40.84258, -73.917182 40.842594, -73.917174 40.842541, -73.917172 40.842531, -73.917177 40.842531, -73.917215 40.842527, -73.917205 40.842467, -73.91719 40.842462)))"
2008320,2028590004,1496 INWOOD AVENUE,1971.0,1971.0,G1,10,False,0.0,1.0,1.0,123300.0,False,0.0,2008-08-14,,,2.0,True,"MULTIPOLYGON (((-73.917261 40.842676, -73.917238 40.842678, -73.917089 40.842693, -73.916983 40.842704, -73.916977 40.842669, -73.916971 40.842639, -73.916997 40.842637, -73.917142 40.842622, -73.91725 40.842611, -73.917258 40.842657, -73.917261 40.842676)))"
2008321,2028590005,1500 INWOOD AVENUE,1986.0,1986.0,G2,7,False,0.0,3.0,1.0,189000.0,False,,,,,,False,"MULTIPOLYGON (((-73.916983 40.842704, -73.917089 40.842693, -73.917238 40.842678, -73.917261 40.842676, -73.917155 40.842825, -73.917106 40.84283, -73.91702 40.842839, -73.916876 40.842854, -73.916855 40.842856, -73.916728 40.842869, -73.916691 40.842872, -73.916674 40.842776, -73.916667 40.842736, -73.91667 40.842736, -73.916777 40.842725, -73.916962 40.842706, -73.916983 40.842704)))"
2109809,2028590008,1504 INWOOD AVENUE,1925.0,1925.0,G2,7,False,0.0,2.0,2.0,171000.0,False,,,,,,False,"MULTIPOLYGON (((-73.916855 40.842856, -73.916876 40.842854, -73.91702 40.842839, -73.917106 40.84283, -73.917155 40.842825, -73.917117 40.842878, -73.9171 40.84288, -73.917009 40.842889, -73.916864 40.842904, -73.916859 40.842875, -73.916855 40.842856)))"
2008322,2028590008,1504 INWOOD AVENUE,1925.0,1925.0,G2,7,False,0.0,2.0,2.0,171000.0,False,,,,,,False,"MULTIPOLYGON (((-73.917013 40.843029, -73.916911 40.84304, -73.916765 40.843056, -73.916627 40.843071, -73.916622 40.843044, -73.916614 40.843, -73.916696 40.842991, -73.91671 40.84299, -73.916708 40.842978, -73.916702 40.842947, -73.916738 40.842943, -73.916849 40.842932, -73.917002 40.842917, -73.917098 40.842908, -73.917013 40.843029)))"
2008323,2028590010,1508 INWOOD AVENUE,1926.0,1926.0,G2,7,False,0.0,2.0,1.0,206550.0,False,,2000-12-08,,,4.0,True,"MULTIPOLYGON (((-73.916627 40.843071, -73.916765 40.843056, -73.916911 40.84304, -73.917013 40.843029, -73.916825 40.843288, -73.916684 40.84323, -73.916607 40.843197, -73.916574 40.843206, -73.916557 40.843211, -73.916557 40.843209, -73.916539 40.843101, -73.916535 40.843081, -73.916545 40.84308, -73.916596 40.843075, -73.916627 40.843071)))"
2008324,2028590018,1522 INWOOD AVENUE,1923.0,1923.0,G1,10,False,0.0,1.0,1.0,75600.0,False,,,,,,False,"MULTIPOLYGON (((-73.916532 40.843348, -73.916572 40.84329, -73.916759 40.843365, -73.916718 40.843423, -73.916532 40.843348)))"
2008326,2028590026,1540 INWOOD AVENUE,1925.0,1925.0,G1,10,False,0.0,1.0,1.0,658800.0,False,,,,,,False,"MULTIPOLYGON (((-73.915848 40.843913, -73.916012 40.84368, -73.916314 40.843803, -73.916426 40.843849, -73.916261 40.844081, -73.916144 40.844034, -73.915848 40.843913)))"
2008327,2028590030,1552 INWOOD AVENUE,1928.0,1928.0,G1,10,False,0.0,3.0,1.0,248400.0,False,,2012-10-09,,,2.0,True,"MULTIPOLYGON (((-73.916107 40.844266, -73.915963 40.844207, -73.915712 40.844105, -73.91584 40.843923, -73.915848 40.843913, -73.916144 40.844034, -73.916261 40.844081, -73.916126 40.844272, -73.916125 40.844273, -73.916107 40.844266)))"
2008328,2028590033,1558 INWOOD AVENUE,1910.0,1910.0,C0,2,True,3.0,3.0,1.0,46800.0,False,,,,,,False,"MULTIPOLYGON (((-73.915963 40.844207, -73.916107 40.844266, -73.916069 40.844319, -73.915925 40.84426, -73.915963 40.844207)))"
2128641,2028590034,1560 INWOOD AVENUE,2009.0,0.0,Z9,,False,0.0,0.0,1.0,45900.0,False,,2008-11-25,,,3.0,True,"MULTIPOLYGON (((-73.916066 40.844329, -73.916043 40.844364, -73.915963 40.844331, -73.915987 40.844296, -73.916066 40.844329)))"
2128642,2028590038,18 WEST MT EDEN AVENUE,,1950.0,GU,5,False,0.0,1.0,4.0,121500.0,False,,,,,,False,"MULTIPOLYGON (((-73.915807 40.844618, -73.915769 40.844672, -73.915718 40.844651, -73.915752 40.844597, -73.915807 40.844618)))"
2127539,2028590038,18 WEST MT EDEN AVENUE,,1950.0,GU,5,False,0.0,1.0,4.0,121500.0,False,,,,,,False,"MULTIPOLYGON (((-73.915727 40.844535, -73.915781 40.844466, -73.915828 40.844487, -73.915774 40.844556, -73.915727 40.844535)))"
2117797,2028590038,18 WEST MT EDEN AVENUE,1950.0,1950.0,GU,5,False,0.0,1.0,4.0,121500.0,False,,,,,,False,"MULTIPOLYGON (((-73.915903 40.84457, -73.915802 40.844528, -73.91584 40.844474, -73.915949 40.844519, -73.915943 40.844528, -73.915937 40.844525, -73.915923 40.844546, -73.915921 40.844545, -73.915903 40.84457)))"
2127540,2028590038,18 WEST MT EDEN AVENUE,,1950.0,GU,5,False,0.0,1.0,4.0,121500.0,False,,,,,,False,"MULTIPOLYGON (((-73.915807 40.844618, -73.915857 40.844556, -73.915906 40.844578, -73.91589 40.844598, -73.915894 40.8446, -73.91586 40.844642, -73.915807 40.844618)))"
2008329,2028590044,2 WEST MT EDEN AVENUE,1928.0,1928.0,K1,5,False,0.0,6.0,1.0,974250.0,False,0.0,2004-10-29,,,17.0,True,"MULTIPOLYGON (((-73.915054 40.844218, -73.915498 40.8444, -73.915448 40.84447, -73.915408 40.844526, -73.915344 40.8445, -73.914964 40.844345, -73.915054 40.844218)))"
2008330,2028590046,1565 JEROME AVENUE,1920.0,1920.0,K1,5,False,0.0,1.0,1.0,1009800.0,False,,,,,,False,"MULTIPOLYGON (((-73.915054 40.844218, -73.915216 40.843989, -73.915224 40.843978, -73.915449 40.84407, -73.915668 40.84416, -73.915655 40.844177, -73.915557 40.844316, -73.915537 40.844344, -73.915498 40.8444, -73.915054 40.844218)))"
2115197,2028590051,1545 JEROME AVENUE,1920.0,1920.0,G1,10,False,0.0,1.0,1.0,511650.0,False,,2003-01-28,2025-01-07,,5.0,True,"MULTIPOLYGON (((-73.915649 40.843533, -73.91565 40.843532, -73.915752 40.843573, -73.915772 40.843582, -73.916012 40.84368, -73.915848 40.843913, -73.91584 40.843923, -73.915617 40.843832, -73.915465 40.843766, -73.915488 40.843762, -73.915529 40.843704, -73.91553 40.843702, -73.915595 40.84361, -73.915649 40.843533)))"
2008336,2028590077,1509 JEROME AVENUE,2010.0,2010.0,W1,8,False,0.0,1.0,1.0,15213150.0,False,0.0,2002-08-08,2008-02-01,2014-01-07 00:00:00,51.0,True,"MULTIPOLYGON (((-73.916353 40.84365, -73.915671 40.843378, -73.916255 40.842573, -73.916511 40.84265, -73.916535 40.842657, -73.916487 40.84275, -73.916474 40.842775, -73.916382 40.842951, -73.916448 40.842979, -73.916433 40.843, -73.916421 40.843017, -73.916423 40.843019, -73.916435 40.843029, -73.916429 40.843038, -73.916403 40.843074, -73.916355 40.843141, -73.916331 40.843174, -73.916201 40.843357, -73.916636 40.843537, -73.916647 40.843542, -73.91655 40.843678, -73.916521 40.84372, -73.916353 40.84365)))"
2008337,2028590092,11 WEST 172 STREET,1940.0,1940.0,D1,3,True,66.0,66.0,1.0,1036800.0,True,66.0,2005-06-22,,,18.0,True,"MULTIPOLYGON (((-73.916688 40.842595, -73.91668 40.842541, -73.916676 40.842517, -73.916626 40.842521, -73.916616 40.842454, -73.916613 40.842434, -73.916798 40.842417, -73.916799 40.842417, -73.916807 40.842465, -73.916796 40.842466, -73.916803 40.842514, -73.916894 40.842506, -73.916887 40.842458, -73.916876 40.842459, -73.916869 40.84241, -73.917026 40.842396, -73.917055 40.842394, -73.917068 40.842476, -73.917042 40.842479, -73.917059 40.842585, -73.917006 40.84259, -73.91696 40.842594, -73.91697 40.842662, -73.916884 40.84267, -73.916869 40.842575, -73.916856 40.842564, -73.916836 40.842566, -73.916838 40.842583, -73.916811 40.842586, -73.916825 40.842676, -73.916778 40.84268, -73.916662 40.84269, -73.916656 40.842691, -73.916649 40.842648, -73.916645 40.842624, -73.916641 40.8426, -73.916656 40.842598, -73.916688 40.842595)))"
2008338,2028590097,11A WEST 172 STREET,1910.0,1910.0,C0,2,True,3.0,3.0,1.0,57960.0,True,3.0,2000-05-04,,,6.0,True,"MULTIPOLYGON (((-73.917107 40.84262, -73.917099 40.842559, -73.917083 40.84256, -73.917067 40.842435, -73.917089 40.842433, -73.917102 40.842418, -73.917124 40.842416, -73.917141 40.842429, -73.917158 40.842553, -73.917154 40.842553, -73.917159 40.842588, -73.917163 40.842616, -73.917145 40.842618, -73.917107 40.84262)))"
2008339,2028600034,1581 JEROME AVENUE,1999.0,1999.0,K5,5,False,0.0,1.0,1.0,486900.0,False,0.0,2006-03-03,,,11.0,True,"MULTIPOLYGON (((-73.914923 40.844753, -73.914932 40.84474, -73.914886 40.844722, -73.91496 40.844618, -73.914969 40.844622, -73.915003 40.844573, -73.915095 40.844611, -73.91506 40.84466, -73.915069 40.844664, -73.915004 40.844756, -73.914984 40.844761, -73.914953 40.844749, -73.914944 40.844761, -73.914923 40.844753)))"
2008387,2028620090,1959 JEROME AVENUE,1926.0,0.0,V1,11,False,0.0,0.0,0.0,231750.0,False,0.0,2005-02-23,,,3.0,True,"MULTIPOLYGON (((-73.909856 40.851332, -73.910165 40.850995, -73.910176 40.851001, -73.910184 40.851004, -73.910254 40.851037, -73.910324 40.851069, -73.910393 40.851101, -73.910462 40.851132, -73.910472 40.851137, -73.910394 40.851221, -73.910162 40.851473, -73.910121 40.851454, -73.910039 40.851417, -73.909956 40.851379, -73.909871 40.851339, -73.909856 40.851332)))"
2008388,2028620103,1921 JEROME AVENUE,1990.0,1990.0,N9,8,False,0.0,8.0,1.0,2870550.0,True,7.0,2003-07-17,,,22.0,True,"MULTIPOLYGON (((-73.910176 40.851001, -73.910458 40.850659, -73.910653 40.850388, -73.910844 40.850122, -73.910879 40.850127, -73.910967 40.85014, -73.911042 40.85015, -73.911112 40.85016, -73.911185 40.85017, -73.911207 40.850173, -73.911179 40.850213, -73.910893 40.850619, -73.910821 40.850723, -73.910812 40.850736, -73.910472 40.851137, -73.910463 40.851133, -73.910393 40.851101, -73.910324 40.851069, -73.910254 40.851037, -73.910184 40.851004, -73.910176 40.851001)))"
2008409,2028640025,1349 INWOOD AVENUE,1931.0,1931.0,W1,8,False,0.0,1.0,1.0,1752750.0,False,,2007-04-10,,,19.0,True,"MULTIPOLYGON (((-73.920175 40.839863, -73.920184 40.839847, -73.920018 40.839799, -73.919661 40.839696, -73.91963 40.839687, -73.919678 40.839589, -73.919773 40.839399, -73.919978 40.839458, -73.920329 40.839559, -73.920335 40.839546, -73.920377 40.839558, -73.920361 40.83959, -73.920356 40.8396, -73.920219 40.839876, -73.920175 40.839863)))"
2129798,2028640027,1366 CROMWELL AVENUE,2025.0,2023.0,W3,8,False,0.0,1.0,1.0,8344350.0,False,,,2026-01-30,,,False,"MULTIPOLYGON (((-73.920218 40.839875, -73.920055 40.840197, -73.919803 40.840097, -73.919957 40.839781, -73.920183 40.839846, -73.920175 40.839863, -73.920218 40.839875)))"
2008411,2028640035,1376 CROMWELL AVENUE,2005.0,2005.0,E7,6,False,0.0,1.0,2.0,9895950.0,False,,2004-10-26,2005-06-15,2009-07-09 00:00:00,33.0,True,"MULTIPOLYGON (((-73.919954 40.8398, -73.919836 40.840035, -73.919802 40.840103, -73.919803 40.840134, -73.919525 40.840683, -73.919521 40.840691, -73.919202 40.840598, -73.919647 40.839716, -73.919894 40.839788, -73.919954 40.8398)))"
2120492,2028640035,1376 CROMWELL AVENUE,2005.0,2005.0,E7,6,False,0.0,1.0,2.0,9895950.0,False,,,,,,False,"MULTIPOLYGON (((-73.919698 40.840733, -73.919836 40.840453, -73.919905 40.840474, -73.919767 40.840753, -73.919698 40.840733)))"
2128645,2028650001,1490 MACOMBS ROAD,2016.0,2014.0,K2,5,False,0.0,2.0,1.0,2045250.0,False,,2011-08-02,2013-06-14,,21.0,True,"MULTIPOLYGON (((-73.917803 40.842895, -73.917684 40.842885, -73.917628 40.842903, -73.917409 40.842813, -73.917743 40.842345, -73.917784 40.842346, -73.917803 40.842895)))"
2129756,2028650015,1504 MACOMBS ROAD,2024.0,2021.0,W1,8,False,0.0,1.0,1.0,16953300.0,False,,,,,,False,"MULTIPOLYGON (((-73.917325 40.843671, -73.916913 40.843501, -73.917258 40.843019, -73.917674 40.84319, -73.917619 40.84326, -73.917597 40.843251, -73.9175 40.843387, -73.917491 40.843401, -73.917486 40.843399, -73.917465 40.84343, -73.91747 40.843432, -73.917429 40.843493, -73.917367 40.843586, -73.917349 40.843619, -73.917325 40.843671)))"
2120493,2028650088,1495 INWOOD AVENUE,1920.0,1920.0,G9,7,False,0.0,2.0,2.0,133200.0,False,,,,,,False,"MULTIPOLYGON (((-73.917697 40.843004, -73.917728 40.842924, -73.9178 40.84294, -73.917768 40.84302, -73.917697 40.843004)))"
2008425,2028650088,1495 INWOOD AVENUE,1920.0,1920.0,G9,7,False,0.0,2.0,2.0,133200.0,False,,2012-08-07,,,1.0,True,"MULTIPOLYGON (((-73.91746 40.843013, -73.91734 40.842962, -73.917315 40.842951, -73.917334 40.842925, -73.917395 40.842843, -73.917611 40.842935, -73.917629 40.842911, -73.917675 40.842931, -73.917706 40.842944, -73.91764 40.843034, -73.917561 40.843001, -73.91753 40.843043, -73.91746 40.843013)))"
2008638,2028710002,1240 EDWARD L GRANT HWY,1953.0,1953.0,K1,5,False,0.0,4.0,1.0,1929150.0,True,9.0,2000-12-18,,,39.0,True,"MULTIPOLYGON (((-73.921767 40.837577, -73.92163 40.837537, -73.92185 40.837097, -73.922067 40.836664, -73.922114 40.836678, -73.922091 40.837198, -73.922091 40.83722, -73.922087 40.837334, -73.922074 40.837342, -73.921962 40.837566, -73.921959 40.837572, -73.92193 40.837564, -73.921887 40.837552, -73.921861 40.837602, -73.921861 40.837604, -73.921767 40.837577)))"
2128343,2028710061,1302 EDWARD L. GRANT HIGHWAY,2024.0,2022.0,W1,8,False,0.0,1.0,1.0,9354150.0,False,,2006-10-03,2006-10-03,,29.0,True,"MULTIPOLYGON (((-73.921141 40.838826, -73.921408 40.838422, -73.92164 40.83851, -73.921372 40.838914, -73.921141 40.838826)))"
2008641,2028710085,1355 CROMWELL AVENUE,1938.0,1938.0,G1,10,False,0.0,2.0,1.0,288900.0,False,,2003-06-12,,,2.0,True,"MULTIPOLYGON (((-73.920418 40.839936, -73.920486 40.839811, -73.920555 40.839832, -73.920674 40.83987, -73.92079 40.839906, -73.920825 40.839917, -73.920821 40.839925, -73.920813 40.839939, -73.920757 40.840042, -73.920655 40.840011, -73.920642 40.840007, -73.920637 40.840005, -73.920428 40.839939, -73.920418 40.839936)))"
2008642,2028710094,1361 CROMWELL AVENUE,1925.0,1925.0,P5,8,False,0.0,1.0,1.0,521550.0,True,80.0,2005-05-23,,,11.0,True,"MULTIPOLYGON (((-73.920259 40.840264, -73.92026 40.840263, -73.920263 40.840264, -73.920436 40.840351, -73.920495 40.840381, -73.920503 40.840385, -73.920504 40.840385, -73.920512 40.84039, -73.920521 40.840394, -73.920529 40.840398, -73.920536 40.840402, -73.920542 40.840405, -73.920548 40.840408, -73.92055 40.840409, -73.920533 40.840417, -73.920354 40.840506, -73.920229 40.840567, -73.920109 40.840626, -73.920093 40.840634, -73.920074 40.840625, -73.920076 40.84062, -73.920089 40.840594, -73.920114 40.840546, -73.920164 40.840448, -73.92021 40.840359, -73.920259 40.840264)))"
2008643,2028710110,1347 CROMWELL AVENUE,1925.0,1925.0,G1,10,False,0.0,2.0,1.0,232650.0,False,0.0,2001-04-17,,,13.0,True,"MULTIPOLYGON (((-73.920825 40.839917, -73.92079 40.839906, -73.920674 40.83987, -73.920555 40.839832, -73.920486 40.839811, -73.920551 40.839692, -73.920621 40.839714, -73.920741 40.839752, -73.920847 40.839785, -73.920895 40.8398, -73.920889 40.839937, -73.920886 40.839936, -73.920844 40.839923, -73.920825 40.839917)))"
2008644,2028710112,1345 CROMWELL AVENUE,1925.0,1925.0,G2,7,False,0.0,1.0,1.0,204750.0,False,,2016-05-16,,,2.0,True,"MULTIPOLYGON (((-73.920552 40.839678, -73.920622 40.839555, -73.920712 40.839584, -73.920832 40.839623, -73.920948 40.839662, -73.920951 40.839662, -73.920881 40.839786, -73.92086 40.839779, -73.920749 40.839742, -73.920628 40.839703, -73.920552 40.839678)))"
2008664,2028720082,1401 CROMWELL AVENUE,1924.0,1924.0,G2,7,False,0.0,2.0,1.0,335250.0,False,1.0,2003-04-15,,,10.0,True,"MULTIPOLYGON (((-73.919602 40.841283, -73.919765 40.841063, -73.91978 40.84107, -73.919797 40.841046, -73.919856 40.841072, -73.919961 40.841117, -73.919972 40.841121, -73.919979 40.841124, -73.919988 40.841128, -73.920004 40.841135, -73.920019 40.841141, -73.920034 40.841148, -73.920049 40.841154, -73.920052 40.841155, -73.920065 40.841161, -73.920077 40.841166, -73.920086 40.84117, -73.920094 40.841173, -73.919915 40.841416, -73.919913 40.841416, -73.919906 40.841413, -73.919868 40.841396, -73.919826 40.841378, -73.919783 40.84136, -73.919738 40.841341, -73.919697 40.841324, -73.919657 40.841306, -73.919616 40.841289, -73.919602 40.841283)))"
2013959,2031790008,2070 JEROME AVENUE,1920.0,1920.0,K4,4,False,0.0,7.0,1.0,578250.0,False,,,,,,False,"MULTIPOLYGON (((-73.90622 40.854391, -73.906287 40.854318, -73.906425 40.854165, -73.906446 40.854142, -73.906481 40.854155, -73.906756 40.854259, -73.906676 40.854347, -73.906662 40.854362, -73.906565 40.854469, -73.906502 40.854539, -73.906368 40.854468, -73.90622 40.854391)))"
2013960,2031790013,2080 JEROME AVENUE,1931.0,1931.0,G1,10,False,0.0,2.0,1.0,621000.0,False,2.0,2005-09-09,,,5.0,True,"MULTIPOLYGON (((-73.905898 40.854722, -73.90594 40.854676, -73.906014 40.854594, -73.906099 40.854501, -73.906205 40.854383, -73.90622 40.854391, -73.906368 40.854468, -73.906502 40.854539, -73.906459 40.854586, -73.906419 40.85463, -73.906321 40.854738, -73.906247 40.85482, -73.906195 40.854877, -73.905993 40.854772, -73.905898 40.854722)))"
2013961,2031790020,2100 JEROME AVENUE,1931.0,1931.0,E1,6,False,0.0,3.0,1.0,1051200.0,True,3.0,2005-09-09,2012-03-15,,12.0,True,"MULTIPOLYGON (((-73.905898 40.854722, -73.905993 40.854772, -73.906195 40.854877, -73.906178 40.854896, -73.9061 40.854983, -73.90594 40.855159, -73.905938 40.855158, -73.905674 40.85502, -73.905648 40.855006, -73.905643 40.855003, -73.9057 40.85494, -73.905758 40.854876, -73.905817 40.854812, -73.905876 40.854746, -73.905898 40.854722)))"
2127654,2031790030,2102 JEROME AVENUE,,2013.0,K1,5,False,0.0,1.0,1.0,906300.0,False,,,,,,False,"MULTIPOLYGON (((-73.905389 40.855337, -73.905516 40.855195, -73.905783 40.855334, -73.905655 40.855475, -73.905389 40.855337)))"
2013962,2031790031,2128 JEROME AVENUE,1917.0,1917.0,C7,4,True,31.0,37.0,1.0,1143000.0,True,31.0,2003-09-26,,,3.0,True,"MULTIPOLYGON (((-73.905288 40.855443, -73.905309 40.855419, -73.905315 40.855422, -73.905334 40.855401, -73.905369 40.855362, -73.905548 40.855454, -73.905628 40.855496, -73.905556 40.855575, -73.905473 40.855668, -73.905313 40.855585, -73.905217 40.855535, -73.905208 40.855531, -73.905209 40.855531, -73.905213 40.855526, -73.905229 40.855509, -73.90525 40.855484, -73.905288 40.855443)))"
2127768,2031850001,2150 JEROME AVENUE,,1956.0,G2,7,False,0.0,1.0,2.0,574650.0,False,,,,,,False,"MULTIPOLYGON (((-73.904801 40.855963, -73.904818 40.855937, -73.904924 40.855976, -73.904972 40.855993, -73.904955 40.85602, -73.904801 40.855963)))"
2094671,2031850001,2150 JEROME AVENUE,1956.0,1956.0,G2,7,False,0.0,1.0,2.0,574650.0,False,,2002-06-06,2007-08-01,,6.0,True,"MULTIPOLYGON (((-73.905045 40.855664, -73.905057 40.855651, -73.905138 40.855694, -73.905042 40.855801, -73.904929 40.855926, -73.904863 40.855892, -73.904847 40.855884, -73.904859 40.855871, -73.905045 40.855664)))"
2014052,2031860001,2170 JEROME AVENUE,1920.0,1920.0,E9,6,False,0.0,1.0,1.0,998100.0,False,0.0,2000-05-03,,,4.0,True,"MULTIPOLYGON (((-73.904495 40.856415, -73.90455 40.856325, -73.904603 40.856239, -73.904656 40.856152, -73.90468 40.856112, -73.90468 40.856112, -73.904702 40.85612, -73.904787 40.85615, -73.904987 40.85622, -73.905004 40.856226, -73.904931 40.856346, -73.904819 40.856529, -73.904798 40.856522, -73.904718 40.856493, -73.904637 40.856465, -73.904557 40.856437, -73.904495 40.856415)))"
2014053,2031860010,2184 JEROME AVENUE,1920.0,1920.0,K1,5,False,0.0,1.0,1.0,338400.0,False,,2017-07-12,,,3.0,True,"MULTIPOLYGON (((-73.904417 40.856542, -73.904495 40.856415, -73.904557 40.856437, -73.904637 40.856465, -73.904718 40.856493, -73.904798 40.856522, -73.904819 40.856529, -73.904774 40.856602, -73.904741 40.856656, -73.904675 40.856633, -73.904588 40.856602, -73.904502 40.856572, -73.904417 40.856542)))"
2014054,2031860012,2190 JEROME AVENUE,1920.0,1920.0,I5,8,False,0.0,1.0,1.0,574650.0,False,,2017-03-29,,,10.0,True,"MULTIPOLYGON (((-73.904303 40.856729, -73.904367 40.856624, -73.904417 40.856542, -73.904502 40.856572, -73.904588 40.856602, -73.904675 40.856633, -73.904741 40.856656, -73.904626 40.856843, -73.904608 40.856837, -73.904515 40.856804, -73.904422 40.856771, -73.904329 40.856739, -73.904303 40.856729)))"
2014055,2031860017,2218 JEROME AVENUE,1928.0,1928.0,G1,10,False,0.0,1.0,1.0,708750.0,False,0.0,2010-04-01,,,3.0,True,"MULTIPOLYGON (((-73.904303 40.856729, -73.904329 40.856739, -73.904422 40.856771, -73.904515 40.856804, -73.904608 40.856837, -73.904626 40.856843, -73.904593 40.856898, -73.904403 40.857208, -73.904388 40.857203, -73.904288 40.857168, -73.904198 40.857136, -73.904154 40.857121, -73.904154 40.857121, -73.904093 40.857099, -73.90408 40.857095, -73.904119 40.857031, -73.904303 40.856729)))"
2014059,2031860041,2230 JEROME AVENUE,1920.0,1920.0,K1,5,False,0.0,5.0,1.0,347850.0,False,1.0,2004-03-08,,,7.0,True,"MULTIPOLYGON (((-73.903981 40.857383, -73.903959 40.857376, -73.90393 40.857366, -73.903916 40.857361, -73.903986 40.857246, -73.903987 40.857244, -73.903996 40.857247, -73.904053 40.857266, -73.904137 40.857296, -73.904214 40.857323, -73.904314 40.857358, -73.904242 40.857475, -73.904165 40.857448, -73.904083 40.857419, -73.904011 40.857394, -73.903981 40.857383)))"
2014060,2031860044,2240 JEROME AVENUE,1942.0,1942.0,M1,8,False,0.0,1.0,1.0,349200.0,False,,2018-02-22,,,2.0,True,"MULTIPOLYGON (((-73.903866 40.857572, -73.903947 40.857439, -73.903981 40.857383, -73.904011 40.857394, -73.904083 40.857419, -73.904165 40.857448, -73.904242 40.857475, -73.904128 40.857664, -73.904051 40.857637, -73.903949 40.857601, -73.903866 40.857572)))"
2014061,2031860047,2242 JEROME AVENUE,1949.0,1949.0,K1,5,False,0.0,1.0,1.0,207000.0,False,0.0,2008-05-29,,,3.0,True,"MULTIPOLYGON (((-73.903866 40.857572, -73.903949 40.857601, -73.904051 40.857637, -73.904128 40.857664, -73.904106 40.857699, -73.90409 40.857725, -73.90409 40.857725, -73.903997 40.857692, -73.903817 40.857629, -73.903801 40.857623, -73.903795 40.857621, -73.903818 40.857583, -73.903832 40.85756, -73.903835 40.857561, -73.903851 40.857567, -73.903866 40.857572)))"
2014062,2031860049,2246 JEROME AVENUE,1927.0,1927.0,W1,8,False,0.0,1.0,1.0,1322550.0,False,,2001-02-13,,,5.0,True,"MULTIPOLYGON (((-73.903477 40.858091, -73.903472 40.858089, -73.903496 40.858049, -73.903659 40.857781, -73.90367 40.857784, -73.903698 40.857794, -73.903727 40.857746, -73.903744 40.857718, -73.903842 40.857753, -73.903867 40.857762, -73.903887 40.857728, -73.903937 40.857746, -73.904053 40.857787, -73.904014 40.857851, -73.903927 40.857993, -73.903799 40.858204, -73.903778 40.858196, -73.90354 40.858113, -73.903477 40.858091)))"
2014063,2031860055,2262 JEROME AVENUE,1920.0,1920.0,K1,5,False,0.0,1.0,1.0,505800.0,False,,2002-07-31,,,6.0,True,"MULTIPOLYGON (((-73.903351 40.858298, -73.903477 40.858091, -73.90354 40.858113, -73.903778 40.858196, -73.903799 40.858204, -73.903673 40.858411, -73.903605 40.858387, -73.903366 40.858304, -73.903351 40.858298)))"
2014064,2031860059,2274 JEROME AVENUE,1920.0,1920.0,K1,5,False,0.0,9.0,1.0,1197000.0,False,0.0,2002-11-22,,,13.0,True,"MULTIPOLYGON (((-73.903241 40.858466, -73.903306 40.85836, -73.903311 40.858362, -73.903351 40.858298, -73.903366 40.858304, -73.903605 40.858387, -73.903673 40.858411, -73.903571 40.858578, -73.903569 40.858581, -73.903466 40.858545, -73.903322 40.858494, -73.903241 40.858466)))"
2014080,2031870001,2300 JEROME AVENUE,1931.0,1931.0,K1,5,False,0.0,4.0,1.0,924750.0,False,1.0,2004-06-04,,,11.0,True,"MULTIPOLYGON (((-73.903091 40.858747, -73.903083 40.858744, -73.903107 40.858705, -73.903158 40.858622, -73.903171 40.858626, -73.903287 40.858667, -73.903435 40.858719, -73.903475 40.858733, -73.903475 40.858733, -73.903401 40.858856, -73.903371 40.858845, -73.903216 40.858791, -73.903091 40.858747)))"
2014081,2031870003,2304 JEROME AVENUE,1920.0,1920.0,G1,10,False,0.0,1.0,1.0,210150.0,False,,,,,,False,"MULTIPOLYGON (((-73.903091 40.858747, -73.903216 40.858791, -73.903371 40.858845, -73.903401 40.858856, -73.90337 40.858907, -73.90333 40.858971, -73.903305 40.858963, -73.903134 40.858902, -73.903021 40.858863, -73.903091 40.858747)))"
2014083,2031870007,2314 JEROME AVENUE,1922.0,1922.0,D1,3,True,20.0,20.0,1.0,2238750.0,True,20.0,2005-04-05,,,20.0,True,"MULTIPOLYGON (((-73.903029 40.859166, -73.90302 40.859163, -73.902888 40.859116, -73.902963 40.858994, -73.903134 40.859054, -73.903255 40.859096, -73.903197 40.859191, -73.90318 40.859219, -73.903166 40.859214, -73.903029 40.859166)))"
2014084,2031870009,2318 JEROME AVENUE,1967.0,1967.0,GW,5,False,0.0,1.0,1.0,358200.0,False,,2003-06-06,,,7.0,True,"MULTIPOLYGON (((-73.902735 40.859448, -73.902728 40.859446, -73.902665 40.859549, -73.902607 40.859529, -73.90267 40.859425, -73.902664 40.859423, -73.90266 40.859422, -73.902697 40.859361, -73.902716 40.85933, -73.902818 40.859162, -73.902854 40.859104, -73.902868 40.859109, -73.902888 40.859116, -73.90302 40.859163, -73.903029 40.859166, -73.902993 40.859224, -73.902899 40.859379, -73.903049 40.859431, -73.902959 40.859579, -73.902809 40.859526, -73.902836 40.859483, -73.902811 40.859475, -73.902735 40.859448)))"
2014085,2031870018,2340 JEROME AVENUE,2009.0,2009.0,G3,7,False,0.0,1.0,1.0,785250.0,False,1.0,2002-09-06,2002-09-06,,15.0,True,"MULTIPOLYGON (((-73.902385 40.860154, -73.902388 40.86015, -73.902344 40.860134, -73.902388 40.86006, -73.902422 40.860072, -73.902427 40.860063, -73.902515 40.860086, -73.902582 40.860117, -73.902578 40.860124, -73.902616 40.860137, -73.902569 40.860215, -73.902569 40.860215, -73.902568 40.860218, -73.902543 40.860209, -73.902385 40.860154)))"
2094672,2031870025,2360 JEROME AVENUE,1928.0,1928.0,K1,5,False,0.0,7.0,1.0,523800.0,False,,2005-10-25,,,2.0,True,"MULTIPOLYGON (((-73.902193 40.860216, -73.902223 40.860166, -73.902276 40.860185, -73.902337 40.860206, -73.902371 40.860149, -73.902385 40.860154, -73.902543 40.860209, -73.902568 40.860218, -73.902533 40.860275, -73.902426 40.860454, -73.902425 40.860455, -73.902402 40.860447, -73.902324 40.86042, -73.902229 40.860387, -73.902221 40.860385, -73.902221 40.860385, -73.902129 40.860353, -73.902114 40.860348, -73.902124 40.86033, -73.902193 40.860216)))"
2014149,2031920034,10 WEST 181 STREET,1920.0,1920.0,G1,10,False,0.0,1.0,1.0,379350.0,False,,2010-07-28,,,5.0,True,"MULTIPOLYGON (((-73.90625 40.855732, -73.906257 40.855719, -73.906261 40.85572, -73.906263 40.855721, -73.906263 40.855721, -73.906264 40.855721, -73.906264 40.855721, -73.906266 40.855722, -73.906296 40.85573, -73.906333 40.85574, -73.906375 40.855752, -73.906513 40.855789, -73.906579 40.855807, -73.906579 40.855807, -73.906535 40.855855, -73.906502 40.855892, -73.90647 40.855926, -73.9064 40.856003, -73.906392 40.856, -73.906299 40.855967, -73.906189 40.855929, -73.906141 40.855912, -73.906141 40.855912, -73.906146 40.855905, -73.906186 40.855837, -73.906229 40.855766, -73.906245 40.855739, -73.906249 40.855733, -73.90625 40.855732)))"
2014150,2031920042,2131 JEROME AVENUE,1931.0,1931.0,G1,10,False,0.0,1.0,1.0,521100.0,False,,,,,,False,"MULTIPOLYGON (((-73.90625 40.855537, -73.906268 40.855517, -73.906291 40.85553, -73.906295 40.855532, -73.906312 40.85554, -73.906311 40.855541, -73.906309 40.855544, -73.906319 40.855549, -73.906326 40.855553, -73.906332 40.855556, -73.906339 40.85556, -73.906347 40.855564, -73.906356 40.855569, -73.906334 40.855592, -73.906313 40.855615, -73.906309 40.85562, -73.906305 40.855625, -73.9063 40.85563, -73.906296 40.855634, -73.906293 40.855637, -73.90629 40.855641, -73.906235 40.855701, -73.906232 40.855704, -73.906232 40.855705, -73.90622 40.855699, -73.906193 40.855685, -73.906154 40.855664, -73.90614 40.855657, -73.906183 40.85561, -73.906218 40.855572, -73.90625 40.855537)))"
2101563,2031920050,2123 JEROME AVENUE,1995.0,1995.0,G2,7,False,0.0,1.0,1.0,149400.0,False,,,,,,False,"MULTIPOLYGON (((-73.906295 40.855252, -73.906304 40.855241, -73.906326 40.855217, -73.906328 40.855218, -73.906338 40.855223, -73.906374 40.855242, -73.906409 40.85526, -73.906445 40.855279, -73.90648 40.855297, -73.906504 40.855309, -73.906421 40.855401, -73.90634 40.855491, -73.906333 40.855487, -73.906321 40.855481, -73.906281 40.85546, -73.906247 40.855443, -73.906195 40.855416, -73.906163 40.855399, -73.906196 40.855362, -73.906225 40.855377, -73.906247 40.855388, -73.90629 40.855341, -73.906312 40.855316, -73.906339 40.855286, -73.906288 40.85526, -73.906288 40.85526, -73.906295 40.855252)))"
2101928,2031920144,2124 DAVIDSON AVENUE,1996.0,1996.0,B1,1,False,2.0,2.0,1.0,49920.0,False,,,,,,False,"MULTIPOLYGON (((-73.906461 40.855662, -73.906579 40.855723, -73.906538 40.855769, -73.90642 40.855707, -73.906461 40.855662)))"
2014189,2031950040,9 WEST 181 STREET,1920.0,1920.0,O2,5,False,0.0,2.0,1.0,561600.0,False,1.0,2002-05-07,,,27.0,True,"MULTIPOLYGON (((-73.905879 40.856211, -73.905909 40.856162, -73.905982 40.85604, -73.906058 40.856066, -73.906174 40.856106, -73.906287 40.856145, -73.906307 40.856152, -73.906238 40.856266, -73.906238 40.856266, -73.906214 40.856307, -73.906159 40.856399, -73.906158 40.856398, -73.906048 40.85636, -73.905937 40.856322, -73.905834 40.856286, -73.905835 40.856285, -73.905879 40.856211)))"
2014195,2031950061,10 WEST 182 STREET,1927.0,1927.0,C1,2,True,46.0,46.0,1.0,860850.0,True,46.0,2006-01-25,,,4.0,True,"MULTIPOLYGON (((-73.905308 40.857067, -73.905275 40.857057, -73.905265 40.857075, -73.905257 40.857079, -73.90524 40.857105, -73.905224 40.85711, -73.905198 40.857153, -73.905183 40.857148, -73.905113 40.857124, -73.90507 40.857109, -73.905116 40.857032, -73.905157 40.857046, -73.905161 40.857048, -73.905187 40.857006, -73.905201 40.856981, -73.905156 40.856965, -73.905199 40.856894, -73.905261 40.856916, -73.905325 40.856938, -73.905325 40.856939, -73.905295 40.856988, -73.905329 40.857, -73.905347 40.856995, -73.905372 40.856954, -73.905384 40.856959, -73.905441 40.856979, -73.905497 40.856998, -73.905525 40.857008, -73.905481 40.857079, -73.905442 40.857066, -73.905437 40.857064, -73.905397 40.85713, -73.905397 40.85713, -73.905442 40.857145, -73.905395 40.857222, -73.90535 40.857206, -73.905296 40.857187, -73.905266 40.857177, -73.905293 40.857134, -73.905288 40.857123, -73.905305 40.857096, -73.905303 40.857087, -73.905313 40.857068, -73.905308 40.857067)))"
2014196,2031950066,2195 JEROME AVENUE,1951.0,1951.0,G1,10,False,0.0,2.0,1.0,254250.0,False,,2013-08-02,,,2.0,True,"MULTIPOLYGON (((-73.904943 40.856988, -73.905056 40.856806, -73.905092 40.856819, -73.905156 40.856842, -73.905204 40.856859, -73.905146 40.856952, -73.905113 40.857006, -73.905127 40.857011, -73.905067 40.857109, -73.905067 40.857109, -73.905036 40.857099, -73.905025 40.857095, -73.904956 40.85707, -73.904904 40.857051, -73.904943 40.856988)))"
2014197,2031950069,2181 JEROME AVENUE,1920.0,1920.0,E7,6,False,0.0,1.0,1.0,1548000.0,False,,2013-03-05,,,6.0,True,"MULTIPOLYGON (((-73.905157 40.856639, -73.905207 40.856557, -73.905243 40.85657, -73.905301 40.85659, -73.905377 40.856617, -73.905456 40.856645, -73.905531 40.856671, -73.905526 40.85668, -73.905497 40.856726, -73.905381 40.856916, -73.905346 40.856903, -73.905287 40.856882, -73.905223 40.85686, -73.905159 40.856837, -73.905095 40.856815, -73.905057 40.856801, -73.905157 40.856639)))"
2116591,2031950083,2 CLINTON PLACE,2008.0,2008.0,O7,5,False,0.0,2.0,1.0,173250.0,False,,2007-10-23,2007-10-23,2008-10-03 00:00:00,2.0,True,"MULTIPOLYGON (((-73.905524 40.856478, -73.905641 40.85628, -73.905658 40.856286, -73.905762 40.856322, -73.905645 40.856519, -73.905524 40.856478)))"
2118334,2031950084,2175 JEROME AVENUE,2008.0,2008.0,K1,5,False,0.0,5.0,1.0,404550.0,False,,2007-10-23,2007-10-23,2008-11-05 00:00:00,2.0,True,"MULTIPOLYGON (((-73.905427 40.856207, -73.905444 40.856213, -73.905553 40.85625, -73.905641 40.85628, -73.905524 40.856478, -73.90531 40.856405, -73.905427 40.856207)))"
2014200,2031950090,2165 JEROME AVENUE,1922.0,1922.0,E7,6,False,0.0,1.0,1.0,3561300.0,False,1.0,2000-11-09,,,8.0,True,"MULTIPOLYGON (((-73.905762 40.856322, -73.905658 40.856286, -73.905641 40.85628, -73.905553 40.85625, -73.905444 40.856213, -73.905427 40.856207, -73.905531 40.856093, -73.905625 40.856126, -73.905731 40.856162, -73.905836 40.856198, -73.905839 40.856199, -73.905768 40.856319, -73.905765 40.856323, -73.905762 40.856322)))"
2014201,2031950092,2151 JEROME AVENUE,1920.0,1920.0,M9,8,False,0.0,3.0,1.0,248850.0,False,,2003-02-04,,,1.0,True,"MULTIPOLYGON (((-73.905982 40.85604, -73.905909 40.856162, -73.905879 40.856211, -73.905837 40.856197, -73.905732 40.856161, -73.905627 40.856124, -73.905532 40.856092, -73.905545 40.856077, -73.905675 40.855934, -73.905774 40.855968, -73.905879 40.856004, -73.905975 40.856037, -73.905982 40.85604)))"
2014208,2031960036,2231 JEROME AVENUE,1920.0,1920.0,K1,5,False,0.0,2.0,1.0,445950.0,False,,2009-07-23,,,2.0,True,"MULTIPOLYGON (((-73.904551 40.857625, -73.904582 40.857573, -73.904621 40.857586, -73.904685 40.857608, -73.904753 40.857631, -73.904823 40.857654, -73.904893 40.857678, -73.90491 40.857684, -73.904835 40.857811, -73.904793 40.857797, -73.904727 40.857775, -73.904667 40.857755, -73.904603 40.857733, -73.904528 40.857708, -73.904511 40.857702, -73.904555 40.857627, -73.904551 40.857625)))"
2014209,2031960038,2201 JEROME AVENUE,1941.0,1941.0,D7,4,True,61.0,65.0,1.0,1910700.0,True,61.0,2007-02-06,,,4.0,True,"MULTIPOLYGON (((-73.904855 40.857617, -73.904785 40.857592, -73.904775 40.857608, -73.904772 40.857607, -73.904704 40.857583, -73.904679 40.857574, -73.904685 40.857564, -73.904668 40.857558, -73.904724 40.857467, -73.904783 40.857487, -73.90482 40.8575, -73.904845 40.857459, -73.904816 40.857448, -73.90475 40.857425, -73.904758 40.857411, -73.904785 40.857367, -73.904798 40.857371, -73.904863 40.857394, -73.904881 40.857401, -73.904908 40.857358, -73.904902 40.857356, -73.904841 40.857334, -73.904811 40.857324, -73.904861 40.857243, -73.904876 40.857222, -73.904886 40.857226, -73.904953 40.85725, -73.905007 40.857269, -73.905063 40.857289, -73.905091 40.857299, -73.905106 40.857305, -73.905076 40.857355, -73.905068 40.857367, -73.90509 40.857375, -73.905043 40.85745, -73.905006 40.857437, -73.904982 40.857428, -73.904962 40.857462, -73.904961 40.857462, -73.90496 40.857463, -73.904959 40.857464, -73.904958 40.857465, -73.904957 40.857465, -73.904956 40.857466, -73.904955 40.857466, -73.904953 40.857467, -73.904951 40.857467, -73.90495 40.857467, -73.904949 40.857467, -73.904947 40.857467, -73.904946 40.857467, -73.904939 40.857464, -73.904931 40.857478, -73.904963 40.857489, -73.905009 40.857506, -73.904971 40.857568, -73.90495 40.85756, -73.904904 40.857634, -73.904855 40.857617)))"
2014222,2031960081,2261 JEROME AVENUE,1920.0,1920.0,K1,5,False,0.0,9.0,1.0,1034100.0,True,15.0,2000-11-17,,,9.0,True,"MULTIPOLYGON (((-73.904129 40.858328, -73.904264 40.858097, -73.904321 40.858116, -73.904417 40.858148, -73.904512 40.858181, -73.904564 40.858198, -73.90459 40.858207, -73.904558 40.858262, -73.904548 40.858259, -73.904492 40.85824, -73.904462 40.858291, -73.904506 40.858306, -73.904422 40.85845, -73.904357 40.858428, -73.904261 40.858395, -73.904158 40.85836, -73.904136 40.858353, -73.904129 40.858328)))"
2014223,2031960086,5 BUCHANAN PLACE,1941.0,1941.0,D1,3,True,51.0,51.0,1.0,739350.0,True,51.0,2006-08-24,,,4.0,True,"MULTIPOLYGON (((-73.904498 40.858029, -73.904473 40.85802, -73.904412 40.858119, -73.904336 40.858092, -73.904281 40.858073, -73.904414 40.857853, -73.904417 40.857848, -73.904419 40.857849, -73.904498 40.857877, -73.904552 40.857896, -73.904508 40.857967, -73.904534 40.857977, -73.904565 40.857988, -73.904609 40.857916, -73.904633 40.857924, -73.904688 40.857943, -73.904743 40.857963, -73.904746 40.857964, -73.904702 40.858036, -73.904679 40.858028, -73.904672 40.858026, -73.90459 40.858161, -73.904577 40.858157, -73.904537 40.858143, -73.904483 40.858124, -73.904533 40.858041, -73.904498 40.858029)))"
2014234,2031970029,2289 JEROME AVENUE,1920.0,1920.0,K2,5,False,0.0,2.0,1.0,1029600.0,False,,2000-02-02,,,26.0,True,"MULTIPOLYGON (((-73.90387 40.858743, -73.903891 40.858751, -73.903974 40.85878, -73.904058 40.85881, -73.904093 40.858822, -73.90414 40.858838, -73.904199 40.858859, -73.904098 40.859024, -73.904047 40.859107, -73.904046 40.859109, -73.903965 40.85908, -73.903867 40.859046, -73.903764 40.859009, -73.903718 40.858993, -73.903719 40.85899, -73.90387 40.858743)))"
2014235,2031970033,2285 JEROME AVENUE,1928.0,1928.0,Y1,8,False,0.0,1.0,1.0,365400.0,False,0.0,2000-12-13,,,19.0,True,"MULTIPOLYGON (((-73.90387 40.858743, -73.903947 40.858618, -73.904026 40.858646, -73.904159 40.858693, -73.904275 40.858734, -73.904256 40.858766, -73.904248 40.858778, -73.904241 40.85879, -73.904218 40.858782, -73.904173 40.858766, -73.904188 40.858741, -73.904151 40.858728, -73.904117 40.858784, -73.904093 40.858822, -73.904058 40.85881, -73.903974 40.85878, -73.903891 40.858751, -73.90387 40.858743)))"
2014236,2031970035,1 WEST 183 STREET,1920.0,1920.0,K1,5,False,0.0,7.0,1.0,654750.0,False,1.0,2001-01-12,,,7.0,True,"MULTIPOLYGON (((-73.903947 40.858618, -73.904023 40.858494, -73.904024 40.858493, -73.904149 40.858538, -73.904287 40.858587, -73.904352 40.858609, -73.904275 40.858734, -73.904159 40.858693, -73.904026 40.858646, -73.903947 40.858618)))"
2014277,2031980077,10 WEST 184 STREET,1899.0,1899.0,B2,1,False,2.0,2.0,1.0,41700.0,False,,,,,,False,"MULTIPOLYGON (((-73.90305 40.860585, -73.90308 40.860531, -73.903156 40.860556, -73.903146 40.860574, -73.903083 40.860683, -73.903028 40.860665, -73.903007 40.860658, -73.903008 40.860658, -73.90305 40.860585)))"
2014278,2031980078,2369 JEROME AVENUE,1920.0,1920.0,K1,5,False,0.0,1.0,1.0,683100.0,False,0.0,2020-08-03,,,4.0,True,"MULTIPOLYGON (((-73.902828 40.860452, -73.902847 40.860421, -73.902848 40.860422, -73.903084 40.860504, -73.903034 40.860585, -73.902994 40.860652, -73.902993 40.860654, -73.902877 40.860613, -73.902756 40.860571, -73.90276 40.860565, -73.902828 40.860452)))"
2014279,2031980081,2359 JEROME AVENUE,1963.0,1963.0,K1,5,False,0.0,1.0,1.0,1009800.0,False,0.0,2008-03-05,,,4.0,True,"MULTIPOLYGON (((-73.902984 40.8602, -73.903042 40.860106, -73.903073 40.860117, -73.903237 40.860174, -73.903239 40.86017, -73.903338 40.860205, -73.903372 40.860217, -73.903256 40.860407, -73.903182 40.860529, -73.902854 40.860413, -73.902984 40.8602)))"
2014280,2031980087,2357 JEROME AVENUE,1910.0,1910.0,C4,2,True,4.0,5.0,1.0,384300.0,True,4.0,2007-09-05,,,3.0,True,"MULTIPOLYGON (((-73.90306 40.860056, -73.903086 40.860065, -73.903158 40.860091, -73.903153 40.860099, -73.903172 40.860105, -73.903176 40.860098, -73.903263 40.860129, -73.903238 40.86017, -73.903075 40.860112, -73.90304 40.860099, -73.903034 40.860097, -73.90306 40.860056)))"
2014281,2031980088,2353 JEROME AVENUE,1910.0,1910.0,C4,2,True,5.0,6.0,1.0,396000.0,False,,,,,,False,"MULTIPOLYGON (((-73.903088 40.860011, -73.903095 40.859999, -73.903115 40.859967, -73.903214 40.860002, -73.903208 40.860012, -73.903226 40.860018, -73.903232 40.860009, -73.903319 40.86004, -73.903291 40.860084, -73.903093 40.860013, -73.903088 40.860011)))"
2014282,2031980089,2349 JEROME AVENUE,1910.0,1910.0,S4,4,True,4.0,5.0,1.0,407250.0,False,,2000-03-13,,,5.0,True,"MULTIPOLYGON (((-73.903144 40.859921, -73.903166 40.859886, -73.903173 40.859875, -73.903271 40.85991, -73.903265 40.859921, -73.903283 40.859927, -73.903289 40.859917, -73.903376 40.859948, -73.903348 40.859994, -73.903144 40.859921)))"
2014283,2031980090,2347 JEROME AVENUE,1901.0,1901.0,S4,4,True,4.0,5.0,1.0,393750.0,True,4.0,2003-12-24,,,4.0,True,"MULTIPOLYGON (((-73.903376 40.859948, -73.903289 40.859917, -73.903294 40.859909, -73.903276 40.859903, -73.903271 40.85991, -73.903173 40.859875, -73.903199 40.859832, -73.903423 40.859913, -73.903469 40.859929, -73.903442 40.859972, -73.903378 40.859949, -73.903376 40.859948)))"
2014285,2031980102,2343 JEROME AVENUE,1920.0,1920.0,K1,5,False,0.0,1.0,1.0,558900.0,False,,2016-09-27,,,6.0,True,"MULTIPOLYGON (((-73.90344 40.859453, -73.903561 40.859496, -73.903694 40.859542, -73.903766 40.859568, -73.90374 40.859611, -73.903774 40.859623, -73.903773 40.859625, -73.903686 40.859767, -73.903573 40.859727, -73.903393 40.859663, -73.903326 40.85964, -73.903402 40.859515, -73.90344 40.859453)))"
2014286,2031980105,2301 JEROME AVENUE,1931.0,1931.0,K2,5,False,0.0,1.0,1.0,1318950.0,True,60.0,2003-01-08,,,20.0,True,"MULTIPOLYGON (((-73.90344 40.859453, -73.903491 40.859369, -73.903514 40.859332, -73.903628 40.859145, -73.90363 40.859142, -73.903665 40.859154, -73.903769 40.859191, -73.903892 40.859234, -73.903956 40.859257, -73.903954 40.85926, -73.903766 40.859568, -73.903694 40.859542, -73.903561 40.859496, -73.90344 40.859453)))"
2014291,2031980148,2355 JEROME AVENUE,1910.0,1910.0,S4,4,True,4.0,5.0,1.0,418050.0,False,,,,,,False,"MULTIPOLYGON (((-73.903176 40.860098, -73.903181 40.86009, -73.903163 40.860083, -73.903158 40.860091, -73.903086 40.860065, -73.90306 40.860056, -73.903088 40.860011, -73.903093 40.860013, -73.903291 40.860084, -73.903263 40.860129, -73.903176 40.860098)))"
2014292,2031980149,2351 JEROME AVENUE,1910.0,1910.0,S4,4,True,4.0,5.0,1.0,445500.0,False,,,,,,False,"MULTIPOLYGON (((-73.903232 40.860009, -73.903238 40.859999, -73.90322 40.859993, -73.903214 40.860002, -73.903115 40.859967, -73.903144 40.859921, -73.903348 40.859994, -73.903319 40.86004, -73.903232 40.860009)))"
2014293,2031980150,2345 JEROME AVENUE,1920.0,1920.0,S9,4,False,2.0,5.0,1.0,441000.0,False,2.0,2009-03-18,,,5.0,True,"MULTIPOLYGON (((-73.903199 40.859832, -73.903224 40.859792, -73.90323 40.859783, -73.903237 40.859785, -73.90331 40.859811, -73.90349 40.859876, -73.9035 40.85988, -73.9035 40.85988, -73.903469 40.859929, -73.903423 40.859913, -73.903199 40.859832)))"
