bin,bbl,pluto_current_bbl,n_bbls,scope_via,address,pluto_address,lat,lon,geom_source,pluto_yearbuilt,oti_construction_year,hdb_nb_complt_year,hdb_first_complt_year,hdb_last_complt_year,demo_complt_year,demolished_post_rezone,rebuilt_after_demo,n_demolition,n_jobs,n_completed,job_types,n_new_building,hdb_status,net_units,units_co,pluto_unitsres,pluto_bldgclass,pluto_numbldgs,bin_is_sentinel,base_bbl,mappluto_bbl,last_status_type,feature_code,height_roof,ground_elevation,shape_area,doitt_id,the_geom_wkt
2003082,2025060044,2025060044,1,bbl_block,1263 EDWARD L GRANT HIGHWAY,1263 EDWARD L GRANT HWY,40.837348476629664,-73.92268985175949,oti_polygon,2002.0,2002.0,,2022.0,2022.0,,False,False,0,1,1.0,Alteration,0,5. Completed Construction,0.0,79.0,0.0,H4,1.0,False,2025060044,2025060044,Constructed,2100,25.29,29.0,2447.578125,933155,"MULTIPOLYGON (((-73.922534 40.837118, -73.922756 40.837123, -73.922822 40.837125, -73.922863 40.837126, -73.922863 40.837126, -73.922863 40.837138, -73.922859 40.837247, -73.922855 40.837354, -73.922852 40.837423, -73.922849 40.837492, -73.922847 40.837554, -73.922846 40.83757, -73.922846 40.837579, -73.922841 40.837578, -73.922827 40.837578, -73.922813 40.837578, -73.922798 40.837577, -73.922784 40.837577, -73.92277 40.837577, -73.92275 40.837576, -73.922567 40.837572, -73.922516 40.837571, -73.922522 40.837433, -73.922534 40.837118)))"
2003100,2025060125,2025060125,1,bbl_block,76 WEST 170 STREET,WEST 170TH STREET,40.840095,-73.92185,hdb_point,2024.0,,,2022.0,2022.0,2022.0,True,False,1,1,1.0,Demolition,0,5. Completed Construction,-2.0,0.0,39.0,D7,1.0,False,,,,,,,,,
2003110,2025060148,2025060148,1,bbl_block,67 WEST 169 STREET,67 WEST 169 STREET,40.83922680677452,-73.9220914668734,oti_polygon,1925.0,1925.0,,2025.0,2025.0,,False,False,0,1,1.0,Alteration,0,5. Completed Construction,4.0,8.0,8.0,C1,1.0,False,2025060148,2025060148,Constructed,2100,28.98897659,80.0,132.69140625,625766,"MULTIPOLYGON (((-73.922057 40.839211, -73.922062 40.839169, -73.922072 40.83917, -73.922128 40.839174, -73.922135 40.839174, -73.922135 40.839177, -73.922134 40.839185, -73.922124 40.839261, -73.92212 40.839285, -73.922117 40.839285, -73.922115 40.839284, -73.922113 40.839284, -73.922111 40.839284, -73.922049 40.839279, -73.922048 40.839279, -73.922048 40.839278, -73.922057 40.839211)))"
2008140,2028460037,2028460037,1,bbl_block,1575 TOWNSEND AVENUE,1575 TOWNSEND AVENUE,40.843896124094144,-73.91425437895961,oti_polygon,1922.0,1922.0,,,,,False,False,0,1,0.0,Alteration,0,2. Approved Application,0.0,0.0,45.0,C7,2.0,False,2028460037,2028460037,Constructed,2100,60.77,55.0,1250.88671875,581942,"MULTIPOLYGON (((-73.914141 40.843773, -73.914237 40.843764, -73.914238 40.843769, -73.91424 40.843785, -73.914438 40.843766, -73.914472 40.843763, -73.914494 40.843772, -73.914462 40.843816, -73.91441 40.843889, -73.91437 40.843947, -73.914372 40.84396, -73.914372 40.843961, -73.914319 40.844036, -73.914295 40.844069, -73.914264 40.844056, -73.914178 40.844021, -73.914091 40.843985, -73.914011 40.843952, -73.914015 40.843946, -73.914065 40.843875, -73.914076 40.843859, -73.914096 40.843867, -73.914183 40.843903, -73.91419 40.843906, -73.914186 40.843912, -73.914243 40.843935, -73.914279 40.843885, -73.914264 40.843879, -73.91422 40.843861, -73.914215 40.843869, -73.914167 40.843849, -73.914102 40.843822, -73.914114 40.843805, -73.914138 40.843771, -73.914141 40.843773)))"
2008159,2028480024,2028480024,1,bbl_block,1677 TOWNSEND AVENUE,1677 TOWNSEND AVENUE,40.84595327256616,-73.91278690470804,oti_polygon,2022.0,2020.0,2023.0,2021.0,2023.0,2021.0,True,True,1,2,2.0,Demolition; New Building,1,5. Completed Construction,32.0,35.0,35.0,D1,1.0,False,2028480024,2028480024,Constructed,2100,88.0,39.0,544.14453125,1299030,"MULTIPOLYGON (((-73.9126 40.845927, -73.912658 40.845847, -73.912974 40.84598, -73.912916 40.84606, -73.9126 40.845927)))"
2008160,2028480050,2028480050,1,bbl_block,1670 TOWNSEND AVENUE,1670 TOWNSEND AVENUE,40.84560358956477,-73.9124487883884,oti_polygon,1920.0,1920.0,,2023.0,2023.0,,False,False,0,1,1.0,Alteration,0,5. Completed Construction,25.0,25.0,25.0,C1,1.0,False,2028480050,2028480050,Constructed,2100,26.85,43.0,214.3515625,16754,"MULTIPOLYGON (((-73.912362 40.845538, -73.912363 40.845537, -73.912378 40.845543, -73.912417 40.845559, -73.912531 40.845606, -73.912569 40.845622, -73.912534 40.845671, -73.912426 40.845626, -73.912349 40.845594, -73.912328 40.845586, -73.912361 40.84554, -73.912362 40.845539, -73.912362 40.845538)))"
2008164,2028480054,2028480054,1,bbl_block,50 CLIFFORD PLACE,50 CLIFFORD PLACE,40.84598971276738,-73.9122632648783,oti_polygon,1920.0,1920.0,,2024.0,2024.0,,False,False,0,1,1.0,Alteration,0,5. Completed Construction,19.0,19.0,19.0,C1,1.0,False,2028480054,2028480054,Alteration,2100,49.0,44.0,274.65625,505062,"MULTIPOLYGON (((-73.912273 40.845915, -73.912298 40.84588, -73.912366 40.845908, -73.912341 40.845943, -73.912229 40.846099, -73.912161 40.846072, -73.912273 40.845915)))"
2008190,2028490055,2028490055,1,bbl_block,1712 TOWNSEND AVENUE,1712 TOWNSEND AVENUE,40.84654387121451,-73.91177858622399,oti_polygon,1920.0,1920.0,,,,,False,False,0,1,0.0,Alteration,0,3. Permitted for Construction,0.0,0.0,2.0,B1,1.0,False,2028490055,2028490055,Constructed,2100,29.9,40.0,211.765625,602497,"MULTIPOLYGON (((-73.91166 40.846527, -73.911695 40.846477, -73.911781 40.846513, -73.911878 40.846553, -73.911897 40.846561, -73.911862 40.84661, -73.911842 40.846602, -73.911745 40.846562, -73.91166 40.846527)))"
2008203,2028490083,2028490083,1,bbl_block,59 CLIFFORD PLACE,59 CLIFFORD PLACE,40.84618168075769,-73.91169662781236,oti_polygon,1920.0,1920.0,,2025.0,2025.0,,False,False,0,1,1.0,Alteration,0,5. Completed Construction,8.0,10.0,10.0,C1,2.0,False,2028490083,2028490083,Constructed,2100,27.63,47.0,214.55078125,390658,"MULTIPOLYGON (((-73.911609 40.846246, -73.911719 40.846091, -73.911785 40.846118, -73.911729 40.846196, -73.911674 40.846273, -73.911625 40.846252, -73.911609 40.846246)))"
2008205,2028490085,2028490085,1,bbl_block,55 CLIFFORD PLACE,55 CLIFFORD PLACE,40.84625041192649,-73.91186304360065,oti_polygon,1920.0,1920.0,,,,,False,False,0,1,0.0,Alteration,0,3. Permitted for Construction,0.0,0.0,12.0,C1,2.0,False,2028490085,2028490085,Constructed,2100,26.93,45.0,218.5234375,7655,"MULTIPOLYGON (((-73.911774 40.846314, -73.911885 40.846159, -73.911945 40.846184, -73.911952 40.846187, -73.911841 40.846342, -73.911785 40.846318, -73.911774 40.846314)))"
2008251,2028530012,2028530012,1,bbl_block,1940 JEROME AVENUE,1940 JEROME AVENUE,40.850903,-73.909591,hdb_point,2025.0,,,,,,False,False,0,1,0.0,New Building,1,3. Permitted for Construction,0.0,0.0,115.0,D7,1.0,False,,,,,,,,,
2008281,2028550028,2028550028,1,bbl_block,1261 JEROME AVENUE,1261 JEROME AVENUE,40.83741857337265,-73.92095014866489,oti_polygon,1926.0,1926.0,,,,,False,False,0,1,0.0,New Building,1,1. Filed Application,0.0,0.0,0.0,G2,1.0,False,2028550028,2028550028,Constructed,2100,14.13,30.0,401.3046875,522237,"MULTIPOLYGON (((-73.920799 40.83734, -73.920868 40.837294, -73.920999 40.837408, -73.921008 40.837416, -73.921091 40.837488, -73.921101 40.837497, -73.921092 40.837503, -73.921032 40.837543, -73.920943 40.837465, -73.920926 40.83745, -73.920913 40.837439, -73.920901 40.837429, -73.920855 40.837388, -73.920848 40.837382, -73.920799 40.83734)))"
2008284,2028550051,2028550051,1,bbl_block,1298 INWOOD AVENUE,1298 INWOOD AVENUE,40.83821,-73.920002,oti_polygon,2025.0,1926.0,,,,,False,False,0,1,0.0,New Building,1,3. Permitted for Construction,0.0,0.0,195.0,D7,1.0,False,2028550051,2028550051,Constructed,2100,24.08,33.0,3255.7734375,828329,"MULTIPOLYGON (((-73.919635 40.838104, -73.91991 40.837923, -73.919949 40.837957, -73.920071 40.838064, -73.920192 40.83817, -73.920304 40.838269, -73.920381 40.838336, -73.920106 40.838517, -73.92006 40.838477, -73.919975 40.838403, -73.919859 40.838301, -73.919744 40.838201, -73.919635 40.838104)))"
2008287,2028560011,2028560011,1,bbl_block,1351 JEROME AVENUE,1342 INWOOD AVENUE,40.839514,-73.919267,oti_polygon,1990.0,1990.0,2025.0,2025.0,2025.0,,False,False,0,1,1.0,New Building,1,5. Completed Construction,247.0,247.0,0.0,F5,1.0,False,2028560011,2028560011,Constructed,2100,38.60903285,39.0,3628.01171875,536119,"MULTIPOLYGON (((-73.918983 40.839735, -73.918949 40.839725, -73.918949 40.839725, -73.918934 40.839721, -73.918961 40.839668, -73.918979 40.839673, -73.919016 40.839599, -73.919009 40.839597, -73.919054 40.839507, -73.919106 40.839402, -73.919124 40.839366, -73.919194 40.839226, -73.919202 40.839211, -73.919253 40.839226, -73.919329 40.839248, -73.919417 40.839273, -73.919506 40.839299, -73.919579 40.83932, -73.91941 40.839658, -73.919323 40.839833, -73.919255 40.839814, -73.919193 40.839796, -73.919132 40.839778, -73.919071 40.839761, -73.91901 40.839743, -73.918983 40.839735)))"
2008290,2028560023,2028560023,1,bbl_block,1376 INWOOD AVENUE,1376 INWOOD AVENUE,40.84008656221408,-73.91906439512107,hdb_point,,,,,,,False,False,1,2,0.0,Demolition; New Building,1,3. Permitted for Construction,0.0,0.0,0.0,V0,2.0,False,,,,,,,,,
2008291,2028560023,2028560023,1,bbl_block,1378 INWOOD AVENUE,1376 INWOOD AVENUE,40.840154743368615,-73.91903136964333,hdb_point,,,,,,,False,False,1,1,0.0,Demolition,0,3. Permitted for Construction,0.0,0.0,0.0,V0,2.0,False,,,,,,,,,
2008381,2028620003,2028620003,1,bbl_block,43 WEST 177 STREET,43 WEST 177 STREET,40.8506028557931,-73.91184887891582,oti_polygon,1920.0,1920.0,,2021.0,2021.0,,False,False,0,1,1.0,Alteration,0,5. Completed Construction,1.0,3.0,3.0,C0,1.0,False,2028620003,2028620003,Constructed,2100,29.32775079,84.0,195.03125,35935,"MULTIPOLYGON (((-73.911773 40.850649, -73.911792 40.850596, -73.911807 40.850599, -73.911809 40.850599, -73.911812 40.850591, -73.911833 40.850533, -73.911833 40.850532, -73.911873 40.850541, -73.911918 40.85055, -73.911875 40.85067, -73.911846 40.850664, -73.911814 40.850657, -73.911784 40.850651, -73.911773 40.850649)))"
2008383,2028620008,2028620008,1,bbl_block,62 WEST TREMONT AVENUE,62 WEST TREMONT AVENUE,40.85112467368941,-73.91171804630709,oti_polygon,1926.0,1926.0,,2023.0,2023.0,,False,False,0,1,1.0,Alteration,0,5. Completed Construction,3.0,90.0,90.0,C1,1.0,False,2028620008,2028620008,Constructed,2100,67.73,78.0,1951.77734375,775591,"MULTIPOLYGON (((-73.911643 40.851284, -73.911625 40.851276, -73.911621 40.851281, -73.911611 40.851277, -73.911554 40.851251, -73.911438 40.8512, -73.911408 40.851187, -73.911555 40.850996, -73.911567 40.850981, -73.911577 40.850967, -73.911588 40.850953, -73.911599 40.850938, -73.911621 40.85091, -73.911623 40.850907, -73.911629 40.850908, -73.911656 40.850913, -73.911701 40.850922, -73.911717 40.850925, -73.911715 40.85093, -73.911709 40.850949, -73.911728 40.850962, -73.911742 40.850965, -73.911771 40.850971, -73.911788 40.850974, -73.911793 40.850968, -73.911847 40.850992, -73.911858 40.850997, -73.911851 40.851005, -73.911844 40.851014, -73.911855 40.851019, -73.911869 40.851025, -73.911913 40.850967, -73.911926 40.85097, -73.912001 40.850985, -73.912011 40.850987, -73.912008 40.851001, -73.912007 40.851001, -73.912003 40.851014, -73.911998 40.851028, -73.911992 40.851041, -73.911986 40.851055, -73.911978 40.851068, -73.911968 40.851087, -73.911965 40.851092, -73.911951 40.851117, -73.911936 40.851141, -73.91192 40.851165, -73.911913 40.851175, -73.911904 40.851189, -73.911887 40.851213, -73.911886 40.851214, -73.911866 40.851239, -73.911852 40.851257, -73.911847 40.851264, -73.911826 40.851288, -73.9118 40.85132, -73.911799 40.851321, -73.911792 40.85133, -73.911787 40.851336, -73.911787 40.851336, -73.911786 40.851336, -73.911784 40.851339, -73.911776 40.851347, -73.911775 40.851348, -73.911767 40.851355, -73.911757 40.851363, -73.911747 40.85137, -73.911731 40.851363, -73.911708 40.851353, -73.911696 40.851348, -73.911685 40.851343, -73.911674 40.851338, -73.911663 40.851333, -73.91165 40.851327, -73.911647 40.851326, -73.91165 40.851322, -73.91167 40.851296, -73.911643 40.851284), (-73.911678 40.851032, -73.911657 40.851023, -73.911651 40.85103, -73.911636 40.851049, -73.911608 40.851086, -73.911583 40.851119, -73.911555 40.851155, -73.911593 40.851171, -73.911626 40.851186, -73.911659 40.851201, -73.911692 40.851215, -73.911708 40.851222, -73.911704 40.851228, -73.911727 40.851238, -73.911728 40.851239, -73.911752 40.851208, -73.911777 40.851175, -73.911811 40.851131, -73.911826 40.851112, -73.911834 40.851101, -73.911815 40.851093, -73.911781 40.851078, -73.911747 40.851063, -73.911712 40.851048, -73.911678 40.851032)))"
2008386,2028620090,2028620090,1,bbl_block,1959 JEROME AVENUE,1959 JEROME AVENUE,40.851444,-73.909966,hdb_point,,,,,,,False,False,0,1,0.0,New Building,1,2. Approved Application,0.0,0.0,0.0,V1,0.0,False,,,,,,,,,
2008431,2028650126,2028650126,1,bbl_block,37 FEATHERBED LANE,37 FEATHERBED LANE,40.846223266920575,-73.91538209735293,oti_polygon,1929.0,1929.0,,,,,False,False,0,1,0.0,Alteration,0,3. Permitted for Construction,0.0,0.0,42.0,D1,1.0,False,2028650126,2028650126,Constructed,2100,62.07028324,59.0,1046.91796875,373273,"MULTIPOLYGON (((-73.915547 40.846102, -73.915549 40.846125, -73.915551 40.846154, -73.915552 40.84617, -73.91552 40.846171, -73.91547 40.846173, -73.915471 40.846185, -73.915474 40.846219, -73.915476 40.846248, -73.915493 40.846247, -73.915552 40.846244, -73.915555 40.846244, -73.915557 40.846271, -73.915559 40.8463, -73.91556 40.846312, -73.915526 40.84632, -73.915479 40.846332, -73.915433 40.846334, -73.915431 40.846317, -73.915429 40.846283, -73.915428 40.846274, -73.915395 40.846275, -73.915382 40.846276, -73.915377 40.846276, -73.915378 40.846278, -73.915383 40.846352, -73.915374 40.846353, -73.915333 40.846355, -73.91531 40.846356, -73.915213 40.846333, -73.915189 40.846327, -73.915185 40.846326, -73.915202 40.846284, -73.915213 40.846257, -73.915222 40.846236, -73.915263 40.846246, -73.915289 40.846248, -73.915314 40.846186, -73.915317 40.846178, -73.91525 40.846162, -73.915255 40.846151, -73.91526 40.846139, -73.915266 40.846124, -73.915272 40.846109, -73.915281 40.846086, -73.915283 40.846082, -73.915287 40.846083, -73.915309 40.846087, -73.915335 40.846091, -73.915349 40.846093, -73.915361 40.846094, -73.915387 40.846097, -73.915414 40.8461, -73.91544 40.846101, -73.915467 40.846102, -73.915494 40.846103, -73.91552 40.846102, -73.915537 40.846102, -73.915547 40.846102)))"
2008433,2028650134,2028650134,1,bbl_block,1600 MACOMBS ROAD,1600 MACOMBS ROAD,40.845808,-73.916465,hdb_point,,,,2021.0,2021.0,2021.0,True,False,1,1,1.0,Demolition,0,5. Completed Construction,0.0,0.0,0.0,V0,0.0,False,,,,,,,,,
2008441,2028650177,2028650177,1,bbl_block,26 WEST 174 STREET,26 WEST 174 STREET,40.84639780552215,-73.91477430709978,oti_polygon,1920.0,1920.0,,2025.0,2025.0,,False,False,0,1,1.0,Alteration,0,5. Completed Construction,8.0,10.0,10.0,C1,1.0,False,2028650177,2028650177,Constructed,2100,32.17909327,87.0,239.84375,848750,"MULTIPOLYGON (((-73.914679 40.846467, -73.914693 40.846447, -73.914715 40.846417, -73.914736 40.846386, -73.914758 40.846356, -73.91478 40.846324, -73.914792 40.846307, -73.914873 40.84634, -73.914862 40.846356, -73.914841 40.846386, -73.914829 40.846402, -73.914813 40.846396, -73.914803 40.84641, -73.914781 40.846441, -73.91476 40.84647, -73.914743 40.846494, -73.914679 40.846467)))"
2008443,2028650179,2028650179,1,bbl_block,1665 DAVIDSON AVENUE,1665 DAVIDSON AVENUE,40.84630895807352,-73.91463729468344,oti_polygon,1920.0,1920.0,,2023.0,2023.0,,False,False,0,1,1.0,Alteration,0,5. Completed Construction,10.0,10.0,10.0,C1,1.0,False,2028650179,2028650179,Constructed,2100,33.32224064,88.0,342.96875,654000,"MULTIPOLYGON (((-73.914701 40.846295, -73.914695 40.846303, -73.914689 40.846311, -73.914671 40.846337, -73.914658 40.846332, -73.914651 40.846343, -73.914643 40.846353, -73.914656 40.846358, -73.914643 40.846376, -73.914635 40.846388, -73.914613 40.846418, -73.914599 40.846438, -73.914523 40.846407, -73.914539 40.846384, -73.914607 40.846289, -73.91469 40.846172, -73.914692 40.84617, -73.914711 40.846177, -73.914733 40.846186, -73.914751 40.846194, -73.914732 40.846221, -73.914689 40.846281, -73.914684 40.846288, -73.914691 40.846291, -73.914701 40.846295)))"
2008650,2028720028,2028720028,1,bbl_block,1427 JESUP AVENUE,1427 JESUP AVENUE,40.841887602289454,-73.92055627946735,oti_polygon,1930.0,1930.0,,2010.0,2010.0,,False,False,0,1,1.0,Alteration,0,5. Completed Construction,0.0,3.0,3.0,C0,1.0,False,2028720028,2028720028,Constructed,2100,27.0,117.0,254.6484375,780186,"MULTIPOLYGON (((-73.920615 40.841948, -73.920475 40.841887, -73.920415 40.841861, -73.920448 40.841817, -73.920514 40.841846, -73.920536 40.84184, -73.920565 40.841852, -73.920567 40.841858, -73.92057 40.841867, -73.920612 40.841885, -73.920619 40.841876, -73.92062 40.841875, -73.920682 40.841902, -73.920698 40.841909, -73.920697 40.84191, -73.920671 40.841944, -73.920648 40.841934, -73.920632 40.841956, -73.920615 40.841948)))"
2008652,2028720033,2028720033,1,bbl_block,1411 JESUP AVENUE,1411 JESUP AVENUE,40.84146471068687,-73.92087664247686,oti_polygon,1924.0,1924.0,,,,,False,False,0,1,0.0,Alteration,0,1. Filed Application,0.0,0.0,3.0,C0,2.0,False,2028720033,2028720033,Constructed,2100,28.48559561,101.0,249.84375,268963,"MULTIPOLYGON (((-73.920763 40.841437, -73.920794 40.841394, -73.921 40.841479, -73.92096 40.841536, -73.920859 40.841494, -73.920753 40.841451, -73.920763 40.841437)))"
2008659,2028720070,2028720070,1,bbl_block,1438 JESUP AVENUE,1434 JESUP AVENUE,40.84181823056305,-73.920008,oti_polygon,1920.0,1920.0,,2022.0,2023.0,2022.0,True,False,2,3,3.0,Alteration; Demolition,0,5. Completed Construction,5.0,8.0,8.0,C1,2.0,False,2028720070,2028720070,Constructed,2100,27.8899355,114.0,173.66796875,455144,"MULTIPOLYGON (((-73.919981 40.841759, -73.919981 40.841758, -73.920035 40.841781, -73.920093 40.841806, -73.920149 40.84183, -73.920129 40.841857, -73.920113 40.841878, -73.920071 40.84186, -73.919953 40.841809, -73.919946 40.841806, -73.919981 40.841759)))"
2008694,2028720222,2028720222,1,bbl_block,1513 JESUP AVENUE,1513 JESUP AVENUE,40.84384204644175,-73.91908064132109,oti_polygon,1930.0,1930.0,,,,,False,False,0,1,0.0,Alteration,0,3. Permitted for Construction,0.0,0.0,2.0,B1,2.0,False,2028720222,2028720222,Constructed,2100,29.48795615,116.0,215.62890625,456530,"MULTIPOLYGON (((-73.918958 40.843822, -73.918958 40.843821, -73.918993 40.843775, -73.919082 40.843814, -73.919149 40.843843, -73.919158 40.84383, -73.919202 40.843849, -73.919187 40.843868, -73.919165 40.843898, -73.919158 40.843908, -73.919157 40.843909, -73.919126 40.843895, -73.91905 40.843862, -73.918973 40.843829, -73.918958 40.843822)))"
2008696,2028720230,2028720230,1,bbl_block,1543 JESUP AVENUE,1543 JESUP AVENUE,40.84458374312769,-73.91878070204572,oti_polygon,1925.0,1925.0,,2023.0,2023.0,,False,False,0,1,1.0,Alteration,0,5. Completed Construction,18.0,21.0,21.0,C1,1.0,False,2028720230,2028720230,Constructed,2100,44.27277636,118.0,320.9921875,840688,"MULTIPOLYGON (((-73.918642 40.844591, -73.91865 40.844544, -73.918669 40.844546, -73.918701 40.844549, -73.918704 40.844535, -73.91888 40.844553, -73.918908 40.844555, -73.918894 40.844636, -73.91888 40.844635, -73.918832 40.84463, -73.918712 40.844618, -73.91869 40.844615, -73.918692 40.844603, -73.918672 40.844601, -73.918646 40.844599, -73.91864 40.844598, -73.918642 40.844591)))"
2008700,2028720261,2028720261,1,bbl_block,1586 JESUP AVENUE,1586 JESUP AVENUE,40.84549911780909,-73.91806990952566,oti_polygon,1930.0,1930.0,,,,,False,False,0,1,0.0,Alteration,0,1. Filed Application,0.0,0.0,2.0,B1,1.0,False,2028720261,2028720261,Constructed,2100,28.86268257,100.0,202.38671875,85628,"MULTIPOLYGON (((-73.918164 40.845537, -73.918159 40.845537, -73.918052 40.845527, -73.917964 40.845518, -73.917975 40.845452, -73.918012 40.845456, -73.918048 40.845459, -73.918046 40.845474, -73.918123 40.845481, -73.918188 40.845487, -73.918179 40.845539, -73.918164 40.845537)))"
2008701,2028720262,2028720262,1,bbl_block,1584 JESUP AVENUE,1584 JESUP AVENUE,40.84542231579705,-73.91808109760609,oti_polygon,1930.0,1930.0,,2023.0,2023.0,,False,False,0,1,1.0,Alteration,0,5. Completed Construction,7.0,9.0,2.0,B1,1.0,False,2028720262,2028720262,Constructed,2100,26.82225888,102.0,200.57421875,236923,"MULTIPOLYGON (((-73.917975 40.845452, -73.917986 40.845384, -73.918011 40.845387, -73.918074 40.845393, -73.918082 40.845393, -73.918185 40.845403, -73.918201 40.845405, -73.918201 40.845406, -73.918199 40.845419, -73.918193 40.845455, -73.918103 40.845446, -73.918051 40.845441, -73.918048 40.845459, -73.918012 40.845456, -73.917975 40.845452)))"
2008709,2028720302,2028720302,1,bbl_block,1476 JESUP AVENUE,1476 JESUP AVENUE,40.84288708091348,-73.91918435433801,oti_polygon,1920.0,1920.0,,,,,False,False,0,1,0.0,Alteration,0,3. Permitted for Construction,0.0,0.0,20.0,C1,1.0,False,2028720302,2028720302,Constructed,2100,33.0079953,120.0,294.84375,831662,"MULTIPOLYGON (((-73.919059 40.842878, -73.919109 40.84281, -73.919109 40.84281, -73.919112 40.842811, -73.919114 40.842812, -73.919117 40.842814, -73.919181 40.842841, -73.919265 40.842877, -73.91931 40.842896, -73.919286 40.842928, -73.91926 40.842964, -73.919235 40.842953, -73.91918 40.84293, -73.919077 40.842886, -73.919066 40.842881, -73.919063 40.84288, -73.919061 40.842879, -73.919059 40.842878, -73.919059 40.842878)))"
2014042,2031850007,2031850007,1,bbl_block,6 CAMERON PLACE,6 CAMERON PLACE,40.855886528718216,-73.90478878215731,oti_polygon,1901.0,1901.0,,,,,False,False,0,1,0.0,Alteration,0,2. Approved Application,0.0,0.0,3.0,C0,1.0,False,2031850007,2031850007,Constructed,2100,31.47938383,95.0,159.2421875,179551,"MULTIPOLYGON (((-73.904756 40.855875, -73.90481 40.855816, -73.904854 40.855839, -73.904869 40.855847, -73.904857 40.85586, -73.904771 40.855954, -73.904768 40.855957, -73.904708 40.855926, -73.904756 40.855875)))"
2014075,2031860078,2031860078,1,bbl_block,2243 WALTON AVENUE,2243 WALTON AVENUE,40.857387985287474,-73.90364397471009,oti_polygon,1901.0,1901.0,,,,,False,False,0,1,0.0,Alteration,0,2. Approved Application,0.0,0.0,2.0,B1,1.0,False,2031860078,2031860078,Constructed,2100,26.20854457,112.0,198.55859375,180783,"MULTIPOLYGON (((-73.903536 40.85736, -73.903556 40.857327, -73.903626 40.857352, -73.903758 40.857398, -73.903728 40.857448, -73.903583 40.857398, -73.903538 40.857382, -73.903548 40.857364, -73.903536 40.85736)))"
2014083,2031870007,2031870007,1,bbl_block,2314 JEROME AVENUE,2314 JEROME AVENUE,40.859106098936216,-73.90307122811676,oti_polygon,1922.0,1922.0,,2022.0,2022.0,,False,False,0,1,1.0,Alteration,0,5. Completed Construction,0.0,20.0,20.0,D1,1.0,False,2031870007,2031870007,Constructed,2100,83.00470218,106.0,712.7578125,505137,"MULTIPOLYGON (((-73.903029 40.859166, -73.90302 40.859163, -73.902888 40.859116, -73.902963 40.858994, -73.903134 40.859054, -73.903255 40.859096, -73.903197 40.859191, -73.90318 40.859219, -73.903166 40.859214, -73.903029 40.859166)))"
2014087,2031870036,2031870036,1,bbl_block,2351 WALTON AVENUE,2351 WALTON AVENUE,40.8600002764684,-73.9020821456303,oti_polygon,2022.0,1920.0,2023.0,2018.0,2023.0,2018.0,True,True,1,2,2.0,Demolition; New Building,1,5. Completed Construction,59.0,61.0,61.0,D1,1.0,False,2031870036,2031870036,Constructed,2100,36.36,117.0,434.83203125,491388,"MULTIPOLYGON (((-73.902219 40.860095, -73.902194 40.860086, -73.902123 40.860062, -73.902119 40.860061, -73.902053 40.860038, -73.902041 40.860034, -73.902035 40.860032, -73.901983 40.860014, -73.901929 40.859996, -73.901981 40.859908, -73.901992 40.859889, -73.901993 40.859889, -73.902025 40.8599, -73.902086 40.859921, -73.902093 40.859923, -73.90207 40.859961, -73.902063 40.859974, -73.902065 40.859975, -73.902069 40.859976, -73.902128 40.859996, -73.902131 40.859997, -73.902129 40.860001, -73.902195 40.860024, -73.902264 40.860047, -73.902272 40.86005, -73.902264 40.860063, -73.902241 40.860102, -73.902219 40.860095)))"
2014194,2031950051,2031950051,1,bbl_block,2170 DAVIDSON AVENUE,2170 DAVIDSON AVENUE,40.85687627214829,-73.90574076861428,oti_polygon,1924.0,1924.0,,,,,False,False,0,1,0.0,Alteration,0,3. Permitted for Construction,0.0,0.0,31.0,C1,1.0,False,2031950051,2031950051,Constructed,2100,56.93,110.0,839.89453125,30864,"MULTIPOLYGON (((-73.9056 40.856893, -73.905613 40.856871, -73.905645 40.856882, -73.905652 40.856885, -73.905656 40.856879, -73.905689 40.856825, -73.90565 40.856811, -73.905687 40.85675, -73.905701 40.856728, -73.905733 40.856739, -73.905834 40.856774, -73.9059 40.856798, -73.905913 40.856802, -73.905858 40.856893, -73.905849 40.856894, -73.905845 40.856892, -73.905777 40.856868, -73.905758 40.856899, -73.905789 40.85691, -73.905827 40.856924, -73.90583 40.856925, -73.905834 40.856933, -73.905786 40.857011, -73.905777 40.857025, -73.90577 40.857022, -73.905744 40.857013, -73.905607 40.856965, -73.90561 40.85696, -73.905581 40.856949, -73.905568 40.856945, -73.9056 40.856893)))"
2014207,2031960029,2031960029,1,bbl_block,2232 DAVIDSON AVENUE,2232 DAVIDSON AVENUE,40.857768569603536,-73.90511378060852,oti_polygon,1923.0,1923.0,,,,,False,False,0,1,0.0,Alteration,0,1. Filed Application,0.0,0.0,65.0,C1,1.0,False,2031960029,2031960029,Constructed,2100,70.15,113.0,1361.64453125,357994,"MULTIPOLYGON (((-73.905267 40.857661, -73.905309 40.857676, -73.905365 40.857696, -73.90532 40.85777, -73.905303 40.857797, -73.905294 40.857794, -73.905217 40.857767, -73.905193 40.857759, -73.905197 40.857752, -73.905143 40.857733, -73.905125 40.857727, -73.90509 40.857786, -73.905091 40.857786, -73.905161 40.857811, -73.905165 40.857804, -73.905173 40.857807, -73.905252 40.857835, -73.905276 40.857843, -73.905215 40.857945, -73.905214 40.857946, -73.905179 40.857933, -73.905157 40.857926, -73.905071 40.857895, -73.905002 40.857871, -73.904926 40.857845, -73.90487 40.857825, -73.904905 40.857767, -73.904932 40.857723, -73.904941 40.857725, -73.905014 40.857751, -73.905015 40.857752, -73.905018 40.857748, -73.905036 40.857717, -73.904968 40.857693, -73.904964 40.857692, -73.905022 40.857596, -73.905047 40.857605, -73.905128 40.857633, -73.905211 40.857662, -73.905256 40.857678, -73.905267 40.857661)))"
2014218,2031960069,2031960069,1,bbl_block,33 BUCHANAN PLACE,33 BUCHANAN PLACE,40.858373,-73.905532,hdb_point,,,,2013.0,2013.0,2013.0,False,False,1,1,1.0,Demolition,0,5. Completed Construction,-2.0,0.0,0.0,V0,1.0,False,,,,,,,,,
2014221,2031960079,2031960079,1,bbl_block,12 WEST 183 STREET,12 WEST 183 STREET,40.85837646641375,-73.90454301080742,oti_polygon,1910.0,1910.0,,2015.0,2015.0,,False,False,0,1,1.0,Alteration,0,5. Completed Construction,0.0,2.0,2.0,K9,1.0,False,2031960079,2031960079,Constructed,2100,21.9129469,110.0,307.41796875,295029,"MULTIPOLYGON (((-73.904444 40.85846, -73.904478 40.858404, -73.904564 40.858263, -73.904595 40.858274, -73.904636 40.858289, -73.904645 40.858292, -73.90463 40.858317, -73.904609 40.858351, -73.904597 40.858347, -73.904588 40.858361, -73.9046 40.858365, -73.904586 40.858388, -73.904583 40.858393, -73.904555 40.858383, -73.904549 40.858392, -73.904578 40.858402, -73.904556 40.858438, -73.904547 40.858435, -73.904539 40.858448, -73.904548 40.858451, -73.904525 40.858488, -73.904524 40.85849, -73.904486 40.858477, -73.904443 40.858462, -73.904444 40.85846)))"
2014241,2031980014,2031980014,1,bbl_block,2310 GRAND AVENUE,2310 GRAND AVENUE,40.86046047274187,-73.90457507005777,oti_polygon,1910.0,1910.0,,,,,False,False,2,2,0.0,Demolition,0,2. Approved Application,0.0,0.0,1.0,A5,1.0,False,2031980012,2031980012,Constructed,2100,27.8,117.0,173.31640625,736623,"MULTIPOLYGON (((-73.904464 40.860448, -73.904491 40.860404, -73.904573 40.860433, -73.904686 40.860473, -73.904677 40.860487, -73.904659 40.860517, -73.904464 40.860448)))"
2014242,2031980015,2031980015,1,bbl_block,2312 GRAND AVENUE,2312 GRAND AVENUE,40.86050600775776,-73.90454710842329,oti_polygon,1901.0,1901.0,,,,,False,False,0,1,0.0,Alteration,0,3. Permitted for Construction,0.0,0.0,1.0,A5,2.0,False,2031980015,2031980015,Constructed,2100,28.76,116.0,180.890625,311620,"MULTIPOLYGON (((-73.904464 40.860448, -73.904659 40.860517, -73.90463 40.860564, -73.904435 40.860495, -73.904464 40.860448)))"
2014244,2031980017,2031980017,1,bbl_block,2316 GRAND AVENUE,2316 GRAND AVENUE,40.86062585569538,-73.90445865134812,oti_polygon,1901.0,1901.0,,2024.0,2024.0,,False,False,0,1,1.0,Alteration,0,5. Completed Construction,15.0,15.0,15.0,C1,2.0,False,2031980017,2031980017,Constructed,2100,27.17,115.0,148.3359375,3718,"MULTIPOLYGON (((-73.904389 40.860575, -73.904419 40.860585, -73.904565 40.860637, -73.90455 40.860661, -73.904527 40.860652, -73.904514 40.860674, -73.904399 40.860633, -73.904362 40.86062, -73.904386 40.860581, -73.904389 40.860575)))"
2014289,2031980141,2031980141,1,bbl_block,2366 DAVIDSON AVENUE,2366 DAVIDSON AVENUE,40.860537254621946,-73.90350806164689,oti_polygon,1933.0,1933.0,,,,,False,False,0,1,0.0,Alteration,0,3. Permitted for Construction,0.0,0.0,4.0,C3,1.0,False,2031980141,2031980141,Constructed,2100,28.06,109.0,266.515625,208046,"MULTIPOLYGON (((-73.903458 40.860481, -73.903497 40.860495, -73.903591 40.860526, -73.903632 40.86054, -73.903581 40.860627, -73.903519 40.860606, -73.903547 40.860558, -73.903513 40.860553, -73.903491 40.86055, -73.903497 40.860541, -73.903389 40.860526, -73.903357 40.860515, -73.90338 40.860477, -73.903406 40.860486, -73.903417 40.860467, -73.903458 40.860481)))"
2088424,2031980045,2031980045,1,bbl_block,29 EVELYN PLACE,29 EVELYN PLACE,40.85958917403497,-73.90459839369528,oti_polygon,2021.0,2022.0,2022.0,2022.0,2022.0,,False,False,0,1,1.0,New Building,1,5. Completed Construction,11.0,11.0,11.0,C1,1.0,False,2031980045,2031980045,Constructed,2100,47.0,116.0,265.046875,1299226,"MULTIPOLYGON (((-73.904608 40.859492, -73.904688 40.859522, -73.90459 40.859685, -73.904508 40.859657, -73.904608 40.859492)))"
2091246,2025060081,2025060081,1,bbl_block,1256 REAR SHAKESPEARE AVENUE,1256 SHAKESPEARE AVENUE,40.838511,-73.922719,hdb_point,2024.0,,,2022.0,2022.0,2022.0,True,False,1,1,1.0,Demolition,0,5. Completed Construction,-1.0,0.0,13.0,C1,1.0,False,,,,,,,,,
2091247,2025060081,2025060081,1,bbl_block,1256 SHAKESPEARE AVENUE,1256 SHAKESPEARE AVENUE,40.838511,-73.922719,oti_polygon,2024.0,2025.0,,2012.0,2012.0,2012.0,False,False,1,2,1.0,Demolition; New Building,1,5. Completed Construction,-3.0,0.0,13.0,C1,1.0,False,2025060081,2025060081,Constructed,5100,45.0,85.0,262.28515625,1305821,"MULTIPOLYGON (((-73.922863 40.838616, -73.922655 40.838532, -73.922697 40.838472, -73.922905 40.838556, -73.922863 40.838616)))"
2094542,2028560001,2028560001,1,bbl_block,1320 INWOOD AVENUE,21 EAST CLARKE PLACE,40.8388875191858,-73.91958343105748,hdb_point,1920.0,,,,,,False,False,0,1,0.0,New Building,1,3. Permitted for Construction,0.0,0.0,0.0,F4,1.0,False,,,,,,,,,
2115197,2028590051,2028590051,1,bbl_block,1545 JEROME AVENUE,1545 JEROME AVENUE,40.84372746904938,-73.91574542891432,oti_polygon,1920.0,1920.0,,,,,False,False,0,1,0.0,New Building,1,1. Filed Application,0.0,0.0,0.0,G1,1.0,False,2028590051,2028590051,Constructed,2100,16.0,42.0,1858.30078125,822447,"MULTIPOLYGON (((-73.915649 40.843533, -73.91565 40.843532, -73.915752 40.843573, -73.915772 40.843582, -73.916012 40.84368, -73.915848 40.843913, -73.91584 40.843923, -73.915617 40.843832, -73.915465 40.843766, -73.915488 40.843762, -73.915529 40.843704, -73.91553 40.843702, -73.915595 40.84361, -73.915649 40.843533)))"
2117719,2028720300,2028720300,1,bbl_block,1482 JESUP AVENUE,1482 JESUP AVENUE,40.84299853932957,-73.91909397629163,oti_polygon,2011.0,2011.0,2012.0,2012.0,2012.0,,False,False,0,1,1.0,New Building,1,5. Completed Construction,3.0,3.0,3.0,C0,1.0,False,2028720300,2028720300,Constructed,2100,32.0,121.0,215.125,1257038,"MULTIPOLYGON (((-73.918963 40.842971, -73.918996 40.842928, -73.919014 40.842936, -73.919225 40.843026, -73.919224 40.843027, -73.919192 40.843069, -73.918982 40.842979, -73.918963 40.842971)))"
2118416,2031950074,2031950074,1,bbl_block,5 CLINTON PLACE,5 CLINTON PLACE,40.85679157620552,-73.90550764862886,oti_polygon,2007.0,2007.0,2019.0,2019.0,2019.0,,False,False,0,1,1.0,New Building,1,5. Completed Construction,3.0,3.0,3.0,C0,1.0,False,2031950074,2031950074,Constructed,2100,41.24535421,106.0,177.7578125,1158758,"MULTIPOLYGON (((-73.905582 40.856741, -73.905507 40.856862, -73.905504 40.856867, -73.905433 40.856842, -73.905512 40.856716, -73.905526 40.856721, -73.905579 40.85674, -73.905582 40.856741)))"
2118417,2031950174,2031950174,1,bbl_block,7 CLINTON PLACE,7 CLINTON PLACE,40.8568224980854,-73.9055986772155,oti_polygon,1901.0,1901.0,,2019.0,2019.0,,False,False,0,1,1.0,Alteration,0,5. Completed Construction,0.0,2.0,2.0,B3,1.0,False,2031950174,2031950174,Constructed,2100,29.0,106.0,174.21484375,560935,"MULTIPOLYGON (((-73.905577 40.856792, -73.905591 40.85677, -73.905607 40.856745, -73.905647 40.856759, -73.905673 40.856768, -73.905594 40.856894, -73.90559 40.8569, -73.905525 40.856877, -73.905546 40.856842, -73.905557 40.856825, -73.90557 40.856803, -73.905577 40.856792)))"
2119009,2028720301,2028720301,1,bbl_block,1480 JESUP AVENUE,1480 JESUP AVENUE,40.84295387127624,-73.91912714641703,oti_polygon,2011.0,2011.0,2012.0,2012.0,2012.0,,False,False,0,1,1.0,New Building,1,5. Completed Construction,3.0,3.0,3.0,C0,1.0,False,2028720301,2028720301,Constructed,2100,32.0,120.0,226.58984375,1257039,"MULTIPOLYGON (((-73.918996 40.842928, -73.91903 40.842882, -73.919259 40.84298, -73.919257 40.842982, -73.919225 40.843026, -73.919014 40.842936, -73.918996 40.842928)))"
2120514,2028720007,2028720007,1,bbl_block,1382 SHAKESPEARE AVENUE,1382 SHAKESPEARE AVENUE,40.84186483183985,-73.92109710189096,oti_polygon,2009.0,2009.0,2010.0,2010.0,2010.0,,False,False,0,1,1.0,New Building,1,5. Completed Construction,127.0,127.0,127.0,D1,1.0,False,2028720007,2028720007,Constructed,2100,101.0,110.0,3373.13671875,1119239,"MULTIPOLYGON (((-73.920802 40.842288, -73.920769 40.842274, -73.920763 40.842282, -73.920684 40.842249, -73.920901 40.841956, -73.920927 40.841967, -73.921001 40.841867, -73.920978 40.841857, -73.921244 40.8415, -73.921256 40.841505, -73.921335 40.841399, -73.921509 40.841474, -73.921466 40.841531, -73.921457 40.841527, -73.921422 40.841574, -73.921433 40.841578, -73.920997 40.842164, -73.920986 40.842159, -73.920951 40.842206, -73.920963 40.842211, -73.920876 40.842328, -73.920797 40.842295, -73.920802 40.842288)))"
2124607,2028620006,2028620006,1,bbl_block,74 WEST TREMONT AVENUE,74 WEST TREMONT AVENUE,40.85089303672584,-73.9119245373502,oti_polygon,2015.0,,2017.0,2017.0,2017.0,,False,False,0,1,1.0,New Building,1,5. Completed Construction,34.0,34.0,34.0,D7,1.0,False,2028620006,2028620006,Constructed,2100,0.0,78.0,552.04296875,1281195,"MULTIPOLYGON (((-73.911788 40.85094, -73.911835 40.850802, -73.912055 40.850843, -73.912045 40.850871, -73.912055 40.850874, -73.912028 40.850956, -73.912015 40.850952, -73.912001 40.850985, -73.911788 40.85094)))"
2124683,2025060111,2025060111,1,bbl_block,1282 SHAKESPEARE AVENUE,1282 SHAKESPEARE AVENUE,40.8394206163424,-73.92227229964872,oti_polygon,2015.0,2018.0,2017.0,2017.0,2017.0,,False,False,0,1,1.0,New Building,1,5. Completed Construction,60.0,60.0,60.0,D3,1.0,False,2025060111,2025060111,Constructed,2100,91.0,87.0,808.3515625,1287566,"MULTIPOLYGON (((-73.922355 40.839554, -73.922162 40.839542, -73.922196 40.83928, -73.922348 40.839289, -73.922344 40.839333, -73.922383 40.839337, -73.922355 40.839554)))"
2124719,2031960052,2031960052,1,bbl_block,2254 GRAND AVENUE,2254 GRAND AVENUE,40.85849817016023,-73.905731779176,oti_polygon,2008.0,2008.0,2016.0,2016.0,2016.0,,False,False,0,1,1.0,New Building,1,5. Completed Construction,3.0,3.0,3.0,C0,1.0,False,2031960052,2031960052,Constructed,2100,29.829522,132.0,208.18359375,1253672,"MULTIPOLYGON (((-73.905665 40.858437, -73.905836 40.858498, -73.905798 40.858559, -73.905628 40.858498, -73.905665 40.858437)))"
2128894,2031960066,2031960066,1,bbl_block,27 BUCHANAN PLACE,27 BUCHANAN PLACE,40.85826589735064,-73.90535294584095,oti_polygon,2018.0,2020.0,2020.0,2020.0,2025.0,,False,False,0,2,2.0,Alteration; New Building,1,5. Completed Construction,25.0,50.0,25.0,D7,1.0,False,2031960066,2031960066,Constructed,2100,62.0,135.0,518.20703125,1293027,"MULTIPOLYGON (((-73.905485 40.858218, -73.90539 40.858373, -73.905222 40.858315, -73.905315 40.858159, -73.905485 40.858218)))"
2128908,2031860076,2031860076,1,bbl_block,2203 WALTON AVENUE,2247 WALTON AVENUE,40.85751557208801,-73.90357525486885,oti_polygon,2015.0,2017.0,2017.0,2013.0,2017.0,2013.0,False,True,2,3,3.0,Demolition; New Building,1,5. Completed Construction,46.0,50.0,50.0,D1,1.0,False,2031860076,2031860076,Constructed,2100,101.0,112.0,723.04296875,1282359,"MULTIPOLYGON (((-73.903531 40.857385, -73.903729 40.857452, -73.903619 40.857638, -73.903422 40.857571, -73.903531 40.857385)))"
2129079,2031790060,2031790060,1,bbl_block,2065 WALTON AVENUE,2065 WALTON AVENUE,40.85396692565056,-73.90629856721552,oti_polygon,2015.0,2018.0,2018.0,2018.0,2018.0,,False,False,0,1,1.0,New Building,1,5. Completed Construction,90.0,90.0,90.0,D1,1.0,False,2031790060,2031790060,Constructed,2100,125.0,62.0,881.32421875,1286688,"MULTIPOLYGON (((-73.906104 40.854009, -73.906267 40.853836, -73.906492 40.85392, -73.906331 40.8541, -73.906104 40.854009)))"
2129185,2028490063,2028490063,1,bbl_block,1728 TOWNSEND AVENUE,1728 TOWNSEND AVENUE,40.846924,-73.911429,hdb_point,2020.0,,2021.0,2018.0,2021.0,2018.0,True,True,1,2,2.0,Demolition; New Building,1,5. Completed Construction,21.0,22.0,22.0,D1,1.0,False,,,,,,,,,
2129190,2028650122,2028650122,1,bbl_block,29 FEATHERBED LANE,29 FEATHERBED LANE,40.846117,-73.914961,oti_polygon,2022.0,2022.0,2025.0,2016.0,2025.0,2017.0,False,True,2,3,3.0,Demolition; New Building,1,5. Completed Construction,158.0,160.0,160.0,D1,1.0,False,2028650122,2028650122,Constructed,2100,120.0,57.0,1944.47265625,1299237,"MULTIPOLYGON (((-73.914668 40.846069, -73.914787 40.84589, -73.915276 40.846082, -73.915194 40.846288, -73.914668 40.846069)))"
2129194,2031980012,2031980012,1,bbl_block,41 NORTH STREET,2306 GRAND AVENUE,40.860302,-73.904618,hdb_point,,,,,,,False,False,0,1,0.0,New Building,1,2. Approved Application,0.0,0.0,0.0,V0,0.0,False,,,,,,,,,
2129224,2028567501,2028567501,1,bbl_block,1325 JEROME AVENUE,1325 JEROME AVENUE,40.83861707617746,-73.91926744988228,oti_polygon,2019.0,2021.0,2021.0,2021.0,2021.0,,False,False,0,1,1.0,New Building,1,5. Completed Construction,255.0,255.0,255.0,RM,1.0,False,2028560053,2028567501,Constructed,2100,160.0,40.0,3540.1015625,1292356,"MULTIPOLYGON (((-73.918909 40.838832, -73.919157 40.83847, -73.919232 40.838377, -73.919373 40.838288, -73.91964 40.838523, -73.919606 40.83859, -73.919517 40.838556, -73.919417 40.838693, -73.919389 40.838685, -73.919252 40.83893, -73.918909 40.838832)))"
2129283,2025060100,2025060100,1,bbl_block,1285 EDWARD L G HIGHWAY,1285 EDWARD L GRANT HWY,40.83851899806258,-73.92224866962857,oti_polygon,2018.0,2022.0,2022.0,2022.0,2022.0,,False,False,0,1,1.0,New Building,1,5. Completed Construction,29.0,29.0,29.0,D1,1.0,False,2025060100,2025060100,Constructed,2100,80.0,48.0,458.62890625,1297023,"MULTIPOLYGON (((-73.922113 40.838537, -73.922189 40.838423, -73.922384 40.838501, -73.922308 40.838613, -73.922113 40.838537)))"
2129668,2028720148,2028727501,1,bbl_block,1542 SHAKESPEARE AVENUE,,40.84577141884002,-73.918937,oti_polygon,,2023.0,2024.0,2019.0,2025.0,2019.0,True,True,2,4,4.0,Alteration; Demolition; New Building,1,5. Completed Construction,113.0,232.0,,,,False,2028720148,2028727501,Constructed,2100,70.0,101.0,2761.8515625,1300586,"MULTIPOLYGON (((-73.918712 40.846061, -73.918764 40.845754, -73.918922 40.845769, -73.918981 40.845416, -73.919188 40.845433, -73.919082 40.846007, -73.918712 40.846061)))"
2129747,2025060054,2025060054,1,bbl_block,1245 EDWARD L GRANT HIGHWAY,1249 EDWARD L GRANT HWY,40.836977366823305,-73.9226927820206,oti_polygon,2022.0,2023.0,2023.0,2023.0,2023.0,,False,False,0,1,1.0,New Building,1,5. Completed Construction,110.0,110.0,110.0,D1,1.0,False,2025060054,2025060054,Constructed,2100,115.0,38.0,1550.81640625,1302275,"MULTIPOLYGON (((-73.922682 40.836841, -73.922878 40.836905, -73.922869 40.837126, -73.922863 40.837126, -73.922534 40.837118, -73.922545 40.836825, -73.922556 40.836826, -73.922558 40.836755, -73.922581 40.836755, -73.922682 40.836841)))"
2129796,2025060125,2025060125,1,bbl_block,78 WEST 170 STREET,WEST 170TH STREET,40.84009780501192,-73.92185815309105,oti_polygon,2024.0,2025.0,2025.0,2022.0,2025.0,2022.0,True,True,1,2,2.0,Demolition; New Building,1,5. Completed Construction,37.0,39.0,39.0,D7,1.0,False,2025060125,2025060125,Constructed,2100,110.0,82.0,681.11328125,1303957,"MULTIPOLYGON (((-73.921915 40.840241, -73.921768 40.840236, -73.921803 40.839952, -73.921949 40.839962, -73.921943 40.840007, -73.921934 40.840078, -73.921926 40.840151, -73.921915 40.840241)))"
2130655,2031950032,2031950032,1,bbl_block,2175 DAVIDSON AVENUE,2175 DAVIDSON AVENUE,40.85697676045363,-73.90610058706118,oti_polygon,2022.0,2024.0,2024.0,2024.0,2024.0,,False,False,0,1,1.0,New Building,1,5. Completed Construction,18.0,20.0,18.0,C1,1.0,False,2031950032,2031950032,Constructed,2100,42.0,118.0,239.5625,1304279,"MULTIPOLYGON (((-73.906082 40.857059, -73.906016 40.857035, -73.906108 40.856884, -73.906184 40.856911, -73.906117 40.857022, -73.906131 40.857027, -73.906113 40.857057, -73.906107 40.857067, -73.906082 40.857059)))"
2130658,2028720275,2028720275,1,bbl_block,1546 JESUP AVENUE,JESUP AVENUE,40.84456162140711,-73.91822740712051,oti_polygon,2022.0,2023.0,2023.0,2023.0,2023.0,,False,False,0,1,1.0,New Building,1,5. Completed Construction,10.0,10.0,10.0,C1,1.0,False,2028720275,2028720275,Constructed,2100,50.0,113.0,187.30859375,1299238,"MULTIPOLYGON (((-73.918115 40.844576, -73.918124 40.844524, -73.918339 40.844547, -73.91833 40.844599, -73.918115 40.844576)))"
2130659,2028720273,2028720273,1,bbl_block,1550 JESUP AVENUE,1548 JESUP AVENUE,40.84466461652806,-73.9181371182918,oti_polygon,2022.0,2022.0,2023.0,2023.0,2023.0,,False,False,0,1,1.0,New Building,1,5. Completed Construction,16.0,16.0,16.0,C1,1.0,False,2028720273,2028720273,Constructed,2100,50.0,114.0,377.75390625,1299240,"MULTIPOLYGON (((-73.917955 40.844677, -73.917966 40.844613, -73.917994 40.844616, -73.91832 40.844652, -73.91831 40.844716, -73.917955 40.844677)))"
2130750,2028650160,2028650160,1,bbl_block,1600 GRAND AVENUE,GRAND AVENUE,40.846168,-73.916454,oti_polygon,2022.0,2024.0,2025.0,2025.0,2025.0,,False,False,0,1,1.0,New Building,1,5. Completed Construction,326.0,326.0,326.0,D1,1.0,False,2028650160,2028650160,Constructed,2100,144.0,90.0,2772.21484375,1305231,"MULTIPOLYGON (((-73.916547 40.846266, -73.916722 40.845944, -73.916905 40.845991, -73.916696 40.846379, -73.916603 40.846401, -73.916005 40.846536, -73.915952 40.8464, -73.916547 40.846266)))"
2130777,2028650134,2028650134,1,bbl_block,1600 MACOMBS ROAD,1600 MACOMBS ROAD,40.845808,-73.916465,hdb_point,,,,,,,False,False,0,1,0.0,New Building,1,3. Permitted for Construction,0.0,0.0,0.0,V0,0.0,False,,,,,,,,,
2130883,2025060082,2025060082,1,bbl_block,1258 SHAKESPEARE AVENUE,1258 SHAKESPEARE AVE,40.83872252219091,-73.922607,oti_polygon,2022.0,2022.0,2023.0,2022.0,2023.0,2022.0,True,True,2,3,3.0,Demolition; New Building,1,5. Completed Construction,87.0,90.0,90.0,D1,1.0,False,2025060082,2025060082,Constructed,2100,70.0,85.0,1297.4765625,1301150,"MULTIPOLYGON (((-73.922863 40.838616, -73.922665 40.838917, -73.922458 40.838833, -73.922655 40.838532, -73.922863 40.838616)))"
2130902,2028720274,2028720274,1,bbl_block,1548 JESUP AVENUE,JESUP AVENUE,40.84461414828486,-73.918162,oti_polygon,2022.0,2023.0,2023.0,2022.0,2023.0,2022.0,True,True,1,2,2.0,Demolition; New Building,1,5. Completed Construction,9.0,10.0,10.0,C1,1.0,False,2028720274,2028720274,Constructed,2100,50.0,113.0,189.140625,1299239,"MULTIPOLYGON (((-73.918106 40.844629, -73.918115 40.844576, -73.91833 40.844599, -73.91832 40.844652, -73.918106 40.844629)))"
2131032,2024890035,2024890035,1,bbl_block,1240 RIVER AVENUE,,40.8364,-73.9209,hdb_point,,,,,,,False,False,0,1,0.0,New Building,1,3. Permitted for Construction,0.0,0.0,,,,False,,,,,,,,,
2131062,2028720120,2028720120,1,bbl_block,1472 SHAKESPEARE AVENUE,1472 SHAKESPEARE AVENUE,40.84374358524328,-73.919695,oti_polygon,2022.0,2024.0,2023.0,2018.0,2023.0,2018.0,True,True,1,2,2.0,Demolition; New Building,1,5. Completed Construction,33.0,34.0,34.0,D1,1.0,False,2028720120,2028720120,Constructed,2100,70.0,127.0,686.38671875,1303733,"MULTIPOLYGON (((-73.91979 40.843868, -73.919599 40.843785, -73.919579 40.843776, -73.91969 40.843622, -73.919892 40.843705, -73.919836 40.84378, -73.919845 40.843784, -73.91979 40.843868)))"
2131166,2028720071,2028720071,1,bbl_block,1436 JESUP AVENUE,JESUP AVENUE,40.84192258093447,-73.919878,oti_polygon,2023.0,2024.0,2025.0,2022.0,2025.0,2022.0,True,True,1,2,2.0,Demolition; New Building,1,5. Completed Construction,48.0,49.0,49.0,D1,1.0,False,2028720071,2028720071,Constructed,2100,75.0,122.0,889.39453125,1303672,"MULTIPOLYGON (((-73.919998 40.842039, -73.919967 40.842026, -73.919945 40.842054, -73.919772 40.841981, -73.919789 40.841959, -73.919788 40.841948, -73.919756 40.841935, -73.919854 40.841806, -73.919881 40.841818, -73.919903 40.84179, -73.920085 40.841868, -73.920061 40.841898, -73.920063 40.841908, -73.920088 40.841919, -73.919998 40.842039)))"
2803522,2028570006,2028570006,1,bbl_block,1408 CROMWELL AVENUE,CROMWELL AVENUE,40.841138873524,-73.91908732042862,hdb_point,,,,,,,False,False,0,1,0.0,New Building,1,1. Filed Application,0.0,0.0,0.0,Z9,0.0,False,,,,,,,,,
2817787,2031950021,2031950021,1,bbl_block,30 WEST 182 STREET,30 WEST 182 STREET,40.857311,-73.906083,hdb_point,2024.0,,,,,,False,False,0,1,0.0,New Building,1,3. Permitted for Construction,0.0,0.0,11.0,D1,1.0,False,,,,,,,,,
