bbl,address,bldgclass,landuse,yearbuilt,unitsres,unitstotal,numbldgs,assesstot,latitude,longitude,source
2024890005,1220 JEROME AVENUE,M1,8,1931,0,1,1,180900.0,40.8363009,-73.9216049,listed lot
2024890006,1222 JEROME AVENUE,K2,5,1934,0,2,1,340200.0,40.8363035,-73.9214062,listed lot
2024890008,1230 JEROME AVENUE,K1,5,1931,0,2,1,645300.0,40.8364132,-73.9212976,listed lot
2024890011,1234 JEROME AVENUE,G2,7,1931,0,1,1,155250.0,40.8365805,-73.9211312,listed lot
2024890014,1240 JEROME AVENUE,G2,7,1931,0,1,1,186750.0,40.8367725,-73.9209431,listed lot
2024890025,1223 RIVER AVENUE,B1,1,1905,2,2,1,56460.0,40.8361992,-73.9213196,listed lot
2024890077,1264 RIVER AVENUE,Y2,8,1990,0,1,1,11103750.0,40.8373152,-73.9197498,listed lot
2025060044,1263 EDWARD L GRANT HWY,H4,5,2002,0,1,1,5148450.0,40.8373666,-73.9226879,listed lot
2025060054,1249 EDWARD L GRANT HWY,D1,3,2022,110,110,1,6398550.0,40.8369631,-73.9226883,listed lot
2025060062,1203 JEROME AVENUE,K4,4,1925,0,14,1,2573550.0,40.8364197,-73.9227251,listed lot
2028440001,1472 JEROME AVENUE,K1,5,1920,0,5,1,482850.0,40.8413942,-73.9164308,listed lot
2028440005,1474 JEROME AVENUE,G2,7,1947,0,1,1,220050.0,40.841578,-73.9163004,listed lot
2028440009,1480 JEROME AVENUE,G1,10,1920,0,2,1,332550.0,40.8417563,-73.9161701,listed lot
2028440012,1484 JEROME AVENUE,G1,10,1930,0,2,1,500400.0,40.8420032,-73.9159963,listed lot
2028460001,1504 JEROME AVENUE,K1,5,1920,0,1,1,79650.0,40.84236,-73.9159091,listed lot
2028460004,1506 JEROME AVENUE,K1,5,1920,0,1,1,313200.0,40.842401,-73.9157283,listed lot
2028460006,1510 JEROME AVENUE,G2,7,1920,0,1,1,251550.0,40.8427055,-73.9155075,listed lot
2028460014,1530 JEROME AVENUE,Z9,,0,0,0,2,194850.0,40.8430978,-73.9152287,listed lot
2028460021,1546 JEROME AVENUE,G1,10,1920,0,3,1,261450.0,40.8434983,-73.914921,listed lot
2028460027,1560 JEROME AVENUE,G1,10,1929,0,1,1,365400.0,40.8437946,-73.9147724,listed lot
2028460032,2 EAST MT EDEN AVENUE,K1,5,1920,0,10,1,569700.0,40.8440168,-73.9145697,listed lot
2028480012,1680 JEROME AVENUE,G8,5,1925,0,3,1,927000.0,40.84614,-73.913049,listed lot
2028480016,1690 JEROME AVENUE,K2,5,1920,0,2,1,293400.0,40.8463101,-73.9129295,listed lot
2028490001,1696 JEROME AVENUE,G9,7,1920,0,2,1,1257300.0,40.8466338,-73.9126869,listed lot
2028490005,1712 JEROME AVENUE,G1,10,1920,0,2,1,345600.0,40.8468835,-73.9125239,listed lot
2028490009,1732 JEROME AVENUE,G6,10,1920,0,1,1,399150.0,40.8471194,-73.9123573,listed lot
2028490013,1736 JEROME AVENUE,G3,7,1972,0,1,1,783450.0,40.8473663,-73.9122305,listed lot
2028530001,1900 JEROME AVENUE,G9,7,1920,0,2,1,644400.0,40.8502987,-73.9100579,listed lot
2028530006,1928 JEROME AVENUE,G1,10,1920,0,2,1,305100.0,40.850499,-73.9099347,listed lot
2028530009,1932 JEROME AVENUE,G2,7,1920,0,3,1,355500.0,40.8505702,-73.9097177,listed lot
2028530011,1934 JEROME AVENUE,K2,5,1920,0,1,1,501750.0,40.8507184,-73.9097211,listed lot
2028530012,1940 JEROME AVENUE,D7,4,2025,115,117,1,5749200.0,40.8509022,-73.9095908,listed lot
2028530017,1946 JEROME AVENUE,G2,7,1920,0,4,1,584100.0,40.8511628,-73.9093446,listed lot
2028530022,1956 JEROME AVENUE,W3,8,2023,0,1,1,1291500.0,40.8514233,-73.9091129,listed lot
2028550001,1237 JEROME AVENUE,G3,7,2018,0,1,2,379800.0,40.8368526,-73.9216477,listed lot
2028550008,1241 JEROME AVENUE,G2,7,1925,0,1,1,196650.0,40.8370364,-73.9214848,listed lot
2028550012,1245 JEROME AVENUE,G1,10,1934,0,2,1,131400.0,40.8371708,-73.9213654,listed lot
2028550015,1251 JEROME AVENUE,GW,5,1928,0,1,1,112500.0,40.8372696,-73.9212749,listed lot
2028550016,1253 JEROME AVENUE,E7,6,2007,0,1,1,3223800.0,40.8373957,-73.9211628,listed lot
2028550020,8 WEST 169 STREET,C7,4,1928,53,54,1,1431000.0,40.8376866,-73.9210793,listed lot
2028550025,1265 JEROME AVENUE,C7,4,1921,19,21,1,661050.0,40.837519,-73.9207723,listed lot
2028550027,1263 JEROME AVENUE,C7,4,1921,10,12,1,395550.0,40.8374504,-73.9208736,listed lot
2028550028,1261 JEROME AVENUE,G2,7,1926,0,1,1,83700.0,40.8374066,-73.9209423,listed lot
2028550042,1280 INWOOD AVENUE,G1,10,1920,0,2,1,300150.0,40.8379745,-73.9206453,listed lot
2028550045,1275 JEROME AVENUE,G2,7,1920,0,2,1,259650.0,40.8380264,-73.9202766,listed lot
2028550051,1298 INWOOD AVENUE,D7,4,2025,195,196,1,7053750.0,40.8382101,-73.9200017,listed lot
2028550053,1304 INWOOD AVENUE,K4,4,1920,0,2,1,810450.0,40.8383445,-73.9197956,listed lot
2028550065,1271 JEROME AVENUE,G2,7,1920,0,4,1,323100.0,40.8377575,-73.9204034,listed lot
2028560001,21 EAST CLARKE PLACE,F4,6,1920,0,1,1,725850.0,40.8388823,-73.9195853,listed lot
2028560011,1342 INWOOD AVENUE,F5,6,1990,0,1,1,1755000.0,40.8395133,-73.9192665,listed lot
2028560019,1364 INWOOD AVENUE,E9,6,1909,0,1,1,95400.0,40.8398069,-73.9191324,listed lot
2028560020,1363 JEROME AVENUE,O2,5,1966,0,3,1,3879900.0,40.8398808,-73.9187818,listed lot
2028560023,1376 INWOOD AVENUE,V0,11,0,0,0,2,18240.0,40.8400978,-73.9189911,listed lot
2028560024,1378 INWOOD AVENUE,C0,2,1920,3,3,1,0.0,,,listed lot
2028560029,14 WEST 170 STREET,P9,8,1972,0,1,1,3859200.0,40.8402595,-73.9186693,listed lot
2028560045,1345 JEROME AVENUE,M1,8,1931,0,1,1,496350.0,40.8392277,-73.9189163,listed lot
2028560049,1339 JEROME AVENUE,E9,6,1925,0,1,1,558000.0,40.8391263,-73.9191839,listed lot
2028560051,1337 JEROME AVENUE,O1,5,1920,0,1,1,461250.0,40.8389423,-73.9190648,listed lot
2028560141,1351 JEROME AVENUE,D6,4,2024,247,249,1,15632550.0,40.8394966,-73.9188292,listed lot
2028570001,1400 CROMWELL AVENUE,W3,8,2023,0,1,1,9632700.0,40.8409708,-73.9192394,listed lot
2028570006,CROMWELL AVENUE,Z9,,0,0,0,0,93600.0,40.8411381,-73.9190874,listed lot
2028570021,1446 CROMWELL AVENUE,V0,11,0,0,0,0,21120.0,40.8419776,-73.9185877,listed lot
2028570022,1448 CROMWELL AVENUE,V0,11,0,0,0,0,21300.0,40.8420352,-73.9185442,listed lot
2028570024,CROMWELL AVENUE,G6,10,0,0,0,0,15368.0,,,listed lot
2028570028,1485 MACOMBS ROAD,D1,3,1937,49,49,1,624150.0,40.8424687,-73.9182979,listed lot
2028570043,1447 INWOOD AVENUE,G2,7,1925,0,1,1,143550.0,40.8418703,-73.9182661,listed lot
2028570064,25 WEST 170 STREET,G9,7,1930,0,5,1,807750.0,40.8408522,-73.9185168,listed lot
2028570071,1430 INWOOD AVENUE,G9,7,1928,0,2,1,1469700.0,40.8411457,-73.9182345,listed lot
2028570077,1447 MACOMBS ROAD,C1,2,1927,53,53,1,1156950.0,40.8414008,-73.9180463,listed lot
2028570081,1425 PLAZA DRIVE,C7,4,1927,35,39,1,722250.0,40.8410961,-73.9179382,listed lot
2028570090,1405 PLAZA DRIVE,E1,6,1927,0,1,1,3908250.0,40.8407751,-73.9181699,listed lot
2028570094,1401 PLAZA DRIVE,K9,5,1925,0,4,1,795150.0,40.8405886,-73.9182786,listed lot
2028580001,1460 MACOMBS ROAD,D7,4,1930,102,109,1,3963150.0,40.8418561,-73.9174891,listed lot
2028580009,10 WEST 172 STREET,G9,7,1931,0,1,1,826650.0,40.842078,-73.916925,listed lot
2028580015,1481 JEROME AVENUE,G1,10,1905,0,1,1,664650.0,40.8418612,-73.9169325,listed lot
2028580019,1477 JEROME AVENUE,G9,7,1925,0,2,1,710100.0,40.8416198,-73.9171063,listed lot
2028580023,1465 JEROME AVENUE,K2,5,1925,0,2,1,632700.0,40.8414058,-73.9172584,listed lot
2028580028,1461 JEROME AVENUE,G1,10,1927,0,1,1,128700.0,40.8412274,-73.9173092,listed lot
2028590001,1484 INWOOD AVENUE,D7,4,1928,33,34,1,614700.0,40.8424515,-73.9172932,listed lot
2028590004,1496 INWOOD AVENUE,G1,10,1971,0,1,1,123300.0,40.8426435,-73.917134,listed lot
2028590005,1500 INWOOD AVENUE,G2,7,1986,0,3,1,189000.0,40.8427697,-73.9169386,listed lot
2028590008,1504 INWOOD AVENUE,G2,7,1925,0,2,2,171000.0,40.8429398,-73.9168481,listed lot
2028590010,1508 INWOOD AVENUE,G2,7,1926,0,2,1,206550.0,40.8431373,-73.9167575,listed lot
2028590017,1520 INWOOD AVENUE,Z9,,0,0,0,1,29016.0,40.8432745,-73.9166561,listed lot
2028590018,1522 INWOOD AVENUE,G1,10,1923,0,1,1,75600.0,40.8433238,-73.9165693,listed lot
2028590026,1540 INWOOD AVENUE,G1,10,1925,0,1,1,658800.0,40.8438779,-73.9161313,listed lot
2028590030,1552 INWOOD AVENUE,G1,10,1928,0,3,1,248400.0,40.8440864,-73.9159828,listed lot
2028590033,1558 INWOOD AVENUE,C0,2,1910,3,3,1,46800.0,40.8442099,-73.9158959,listed lot
2028590034,1560 INWOOD AVENUE,Z9,,0,0,0,1,45900.0,40.8442702,-73.9158489,listed lot
2028590035,1562 INWOOD AVENUE,Z9,,0,0,0,0,75150.0,40.8443608,-73.9157873,listed lot
2028590038,18 WEST MT EDEN AVENUE,GU,5,1950,0,1,4,121500.0,40.8445391,-73.915722,listed lot
2028590041,16 WEST MT EDEN AVENUE,GU,5,1975,0,1,1,140850.0,40.8444539,-73.9155161,listed lot
2028590044,2 WEST MT EDEN AVENUE,K1,5,1928,0,6,1,974250.0,40.8443686,-73.9152162,listed lot
2028590046,1565 JEROME AVENUE,K1,5,1920,0,1,1,1009800.0,40.8441793,-73.9153538,listed lot
2028590050,1551 JEROME AVENUE,G7,10,0,0,0,1,598500.0,40.8439406,-73.915524,listed lot
2028590051,1545 JEROME AVENUE,G1,10,1920,0,1,1,511650.0,40.843702,-73.9156942,listed lot
2028590077,1509 JEROME AVENUE,W1,8,2010,0,1,1,15213150.0,40.8431013,-73.9162587,listed lot
2028590089,WEST 172 STREET,V0,11,0,0,0,0,9240.0,40.8429533,-73.9165517,listed lot
2028590092,11 WEST 172 STREET,D1,3,1940,66,66,1,1036800.0,40.8425445,-73.9168377,listed lot
2028590097,11A WEST 172 STREET,C0,2,1910,3,3,1,57960.0,40.8424898,-73.9171125,listed lot
2028600034,1581 JEROME AVENUE,K5,5,1999,0,1,1,486900.0,40.8446401,-73.9149267,listed lot
2028620090,1959 JEROME AVENUE,V1,11,0,0,0,0,231750.0,40.8514432,-73.909966,listed lot
2028620103,1921 JEROME AVENUE,N9,8,1990,0,8,1,2870550.0,40.8506039,-73.91069,listed lot
2028640021,1337 INWOOD AVENUE,V0,11,0,0,0,0,59340.0,40.8393548,-73.9201268,listed lot
2028640025,1349 INWOOD AVENUE,W1,8,1931,0,1,1,1752750.0,40.8396072,-73.92,listed lot
2028640027,1366 CROMWELL AVENUE,W3,8,2023,0,1,1,8344350.0,40.839986,-73.9200032,listed lot
2028640035,1376 CROMWELL AVENUE,E7,6,2005,0,1,2,9895950.0,40.8402602,-73.9196342,listed lot
2028650001,1490 MACOMBS ROAD,K2,5,2014,0,2,1,2045250.0,40.8426741,-73.9176724,listed lot
2028650015,1504 MACOMBS ROAD,W1,8,2021,0,1,1,16953300.0,40.8433463,-73.9172957,listed lot
2028650023,MACOMBS ROAD,Q1,9,1938,0,0,1,124650.0,40.8437661,-73.9170458,listed lot
2028650088,1495 INWOOD AVENUE,G9,7,1920,0,2,2,133200.0,40.8430034,-73.91756,listed lot
2028710002,1240 EDWARD L GRANT HWY,K1,5,1953,0,4,1,1929150.0,40.8376295,-73.921813,listed lot
2028710061,1302 EDWARD L. GRANT HIGHWAY,W1,8,2022,0,1,1,9354150.0,40.83862,-73.9213276,listed lot
2028710078,WEST 170 STREET,Z9,,0,0,0,1,132750.0,40.8397973,-73.9210298,listed lot
2028710085,1355 CROMWELL AVENUE,G1,10,1938,0,2,1,288900.0,40.8400989,-73.9206391,listed lot
2028710094,1361 CROMWELL AVENUE,P5,8,1925,0,1,1,521550.0,40.8404226,-73.9202954,listed lot
2028710110,1347 CROMWELL AVENUE,G1,10,1925,0,2,1,232650.0,40.8398053,-73.9207009,listed lot
2028710112,1345 CROMWELL AVENUE,G2,7,1925,0,1,1,204750.0,40.8396626,-73.9207445,listed lot
2028710133,CROMWELL AVENUE,V1,11,0,0,0,0,86400.0,40.8386884,-73.9210637,listed lot
2028720082,1401 CROMWELL AVENUE,G2,7,1924,0,2,1,335250.0,40.8412265,-73.919868,listed lot
2031790008,2070 JEROME AVENUE,K4,4,1920,0,7,1,578250.0,40.8543196,-73.9064774,listed lot
2031790013,2080 JEROME AVENUE,G1,10,1931,0,2,1,621000.0,40.8546241,-73.9061986,listed lot
2031790020,2100 JEROME AVENUE,E1,6,1931,0,3,1,1051200.0,40.854934,-73.9059162,listed lot
2031790030,2102 JEROME AVENUE,K1,5,2013,0,1,1,906300.0,40.8552439,-73.9056374,listed lot
2031790031,2128 JEROME AVENUE,C7,4,1917,31,37,1,1143000.0,40.855499,-73.9054093,listed lot
2031850001,2150 JEROME AVENUE,G2,7,1956,0,1,2,574650.0,40.8558665,-73.905069,listed lot
2031860001,2170 JEROME AVENUE,E9,6,1920,0,1,1,998100.0,40.8563081,-73.9047539,listed lot
2031860010,2184 JEROME AVENUE,K1,5,1920,0,1,1,338400.0,40.8565248,-73.9046198,listed lot
2031860012,2190 JEROME AVENUE,I5,8,1920,0,1,1,574650.0,40.8566812,-73.9045256,listed lot
2031860017,2218 JEROME AVENUE,G1,10,1928,0,1,1,708750.0,40.856961,-73.9043517,listed lot
2031860041,2230 JEROME AVENUE,K1,5,1920,0,5,1,347850.0,40.8573506,-73.9041161,listed lot
2031860044,2240 JEROME AVENUE,M1,8,1942,0,1,1,349200.0,40.8575042,-73.9040219,listed lot
2031860047,2242 JEROME AVENUE,K1,5,1949,0,1,1,207000.0,40.8576304,-73.9039494,listed lot
2031860048,2244 JEROME AVENUE,G7,10,0,0,1,1,95850.0,40.8576907,-73.9039132,listed lot
2031860049,2246 JEROME AVENUE,W1,8,1927,0,1,1,1322550.0,40.8579322,-73.9037683,listed lot
2031860055,2262 JEROME AVENUE,K1,5,1920,0,1,1,505800.0,40.8582422,-73.9035834,listed lot
2031860059,2274 JEROME AVENUE,K1,5,1920,0,9,1,1197000.0,40.8584314,-73.9034675,listed lot
2031870001,2300 JEROME AVENUE,K1,5,1931,0,4,1,924750.0,40.858725,-73.9032791,listed lot
2031870003,2304 JEROME AVENUE,G1,10,1920,0,1,1,210150.0,40.8588457,-73.9032066,listed lot
2031870005,2308 JEROME AVENUE,G7,10,0,0,0,0,95850.0,40.8589362,-73.903145,listed lot
2031870007,2314 JEROME AVENUE,D1,3,1922,20,20,1,2238750.0,40.8590596,-73.9030689,listed lot
2031870009,2318 JEROME AVENUE,GW,5,1967,0,1,1,358200.0,40.8593065,-73.9029167,listed lot
2031870014,2334 JEROME AVENUE,GW,5,2004,0,1,1,246150.0,40.8595864,-73.9027428,listed lot
2031870018,2340 JEROME AVENUE,G3,7,2009,0,1,1,785250.0,40.8599293,-73.9025326,listed lot
2031870025,2360 JEROME AVENUE,K1,5,1928,0,7,1,523800.0,40.8602667,-73.9023333,listed lot
2031920034,10 WEST 181 STREET,G1,10,1920,0,1,1,379350.0,40.8558483,-73.9063451,listed lot
2031920037,WEST 181 STREET,G6,10,0,0,0,0,33741.0,40.8557795,-73.9061174,listed lot
2031920039,WEST 181 STREET,G6,10,0,0,0,0,597.0,40.8557547,-73.906038,listed lot
2031920042,2131 JEROME AVENUE,G1,10,1931,0,1,1,521100.0,40.8556093,-73.9061249,listed lot
2031920050,2123 JEROME AVENUE,G2,7,1995,0,1,1,149400.0,40.855368,-73.9063747,listed lot
2031920055,2113 JEROME AVENUE,G7,10,0,0,0,0,221400.0,40.8552117,-73.9065159,listed lot
2031920144,2124 DAVIDSON AVENUE,B1,1,1996,2,2,1,49920.0,40.8557029,-73.9064429,listed lot
2031950040,9 WEST 181 STREET,O2,5,1920,0,2,1,561600.0,40.8562104,-73.9060662,listed lot
2031950061,10 WEST 182 STREET,C1,2,1927,46,46,1,860850.0,40.8570304,-73.9053023,listed lot
2031950066,2195 JEROME AVENUE,G1,10,1951,0,2,1,254250.0,40.8569451,-73.905053,listed lot
2031950069,2181 JEROME AVENUE,E7,6,1920,0,1,1,1548000.0,40.8567203,-73.9052883,listed lot
2031950083,2 CLINTON PLACE,O7,5,2008,0,2,1,173250.0,40.8563994,-73.9056539,listed lot
2031950084,2175 JEROME AVENUE,K1,5,2008,0,5,1,404550.0,40.8563307,-73.9054587,listed lot
2031950090,2165 JEROME AVENUE,E7,6,1922,0,1,1,3561300.0,40.8561991,-73.9056469,listed lot
2031950092,2151 JEROME AVENUE,M9,8,1920,0,3,1,248850.0,40.8560564,-73.9057556,listed lot
2031960036,2231 JEROME AVENUE,K1,5,1920,0,2,1,445950.0,40.8576859,-73.9047013,listed lot
2031960038,2201 JEROME AVENUE,D7,4,1941,61,65,1,1910700.0,40.8574335,-73.9048571,listed lot
2031960081,2261 JEROME AVENUE,K1,5,1920,0,9,1,1034100.0,40.8582702,-73.9043462,listed lot
2031960086,5 BUCHANAN PLACE,D1,3,1941,51,51,1,739350.0,40.8580124,-73.904502,listed lot
2031970029,2289 JEROME AVENUE,K2,5,1920,0,2,1,1029600.0,40.8589204,-73.9039548,listed lot
2031970033,2285 JEROME AVENUE,Y1,8,1928,0,1,1,365400.0,40.8587284,-73.9040708,listed lot
2031970035,1 WEST 183 STREET,K1,5,1920,0,7,1,654750.0,40.8586022,-73.9041469,listed lot
2031980077,10 WEST 184 STREET,B2,1,1899,2,2,1,41700.0,40.860583,-73.9030812,listed lot
2031980078,2369 JEROME AVENUE,K1,5,1920,0,1,1,683100.0,40.8605252,-73.9029149,listed lot
2031980081,2359 JEROME AVENUE,K1,5,1963,0,1,1,1009800.0,40.8603058,-73.9031033,listed lot
2031980087,2357 JEROME AVENUE,C4,2,1910,4,5,1,384300.0,40.8601137,-73.9031758,listed lot
2031980088,2353 JEROME AVENUE,C4,2,1910,5,6,1,396000.0,40.8600259,-73.9032302,listed lot
2031980089,2349 JEROME AVENUE,S4,4,1910,4,5,1,407250.0,40.8599354,-73.9032845,listed lot
2031980090,2347 JEROME AVENUE,S4,4,1901,4,5,1,393750.0,40.8598888,-73.9033099,listed lot
2031980091,7 NORTH STREET,G7,10,0,0,0,1,96300.0,40.8600343,-73.9034254,listed lot
2031980102,2343 JEROME AVENUE,K1,5,1920,0,1,1,558900.0,40.8595953,-73.9035381,listed lot
2031980105,2301 JEROME AVENUE,K2,5,1931,0,1,1,1318950.0,40.8593429,-73.9036939,listed lot
2031980148,2355 JEROME AVENUE,S4,4,1910,4,5,1,418050.0,40.8600698,-73.9032012,listed lot
2031980149,2351 JEROME AVENUE,S4,4,1910,4,5,1,445500.0,40.8599793,-73.9032556,listed lot
2031980150,2345 JEROME AVENUE,S9,4,1920,2,5,1,441000.0,40.8598421,-73.9033389,listed lot
2031790060,2065 WALTON AVENUE,D1,3,2015,90,90,1,1740150.0,40.8539737,-73.9063405,on a listed block
2031790047,2085 WALTON AVENUE,D1,3,1927,42,42,1,784350.0,40.8546429,-73.905725,on a listed block
2031790052,2075 WALTON AVENUE,D4,3,1927,54,54,1,989100.0,40.8543823,-73.9059748,on a listed block
2031790001,2050 JEROME AVENUE,C7,4,1900,7,11,1,397350.0,40.853815,-73.9069299,on a listed block
2031790004,2058 JEROME AVENUE,O7,5,2011,0,1,1,1945350.0,40.85407,-73.9066982,on a listed block
2031790063,13 EAST BURNSIDE AVENUE,K1,5,1931,0,2,1,1823850.0,40.8537735,-73.9065215,on a listed block
2031790002,2052 JEROME AVENUE,K1,5,1920,0,3,1,341550.0,40.8539055,-73.9068503,on a listed block
2028460002,7 EAST 172 STREET,K1,5,1978,0,1,1,163350.0,40.8422225,-73.9156129,on a listed block
2028650064,1545 INWOOD AVENUE,O7,5,1927,0,1,1,1110150.0,40.8441363,-73.9166622,on a listed block
2028460074,1505 TOWNSEND AVENUE,D1,3,1941,74,74,1,1797300.0,40.8423266,-73.9153742,on a listed block
2028640071,1329 INWOOD AVENUE,C0,2,1920,3,3,1,39780.0,40.839072,-73.9200946,on a listed block
2028460047,1549 TOWNSEND AVENUE,D1,3,1950,63,63,1,1243800.0,40.8431962,-73.9147407,on a listed block
2028460061,1533 TOWNSEND AVENUE,D1,3,1927,96,96,1,2633850.0,40.8427409,-73.9150665,on a listed block
2028650030,45 GOBLE PLACE,M1,8,1952,0,1,1,1448100.0,40.8442875,-73.9169946,on a listed block
2028650032,1566 MACOMBS ROAD,C1,2,1925,56,56,1,1337400.0,40.8445731,-73.9171641,on a listed block
2028650067,1543 INWOOD AVENUE,I5,8,1997,0,1,1,767700.0,40.8440074,-73.9167528,on a listed block
2028460037,1575 TOWNSEND AVENUE,C7,4,1922,45,53,2,1432350.0,40.8438821,-73.9142735,on a listed block
2028570045,1439 INWOOD AVENUE,G2,7,1923,0,2,2,361350.0,40.8416975,-73.9183928,on a listed block
2028640069,1333 INWOOD AVENUE,B3,1,1920,2,2,1,34080.0,40.83919,-73.9200367,on a listed block
2028570051,1419 INWOOD AVENUE,E9,6,1920,0,1,1,762300.0,40.8413025,-73.918762,on a listed block
2028570008,1414 CROMWELL AVENUE,E9,6,1931,0,1,1,731700.0,40.841429,-73.9190473,on a listed block
2028570048,1433 INWOOD AVENUE,Z9,,1947,0,1,1,10013.0,40.8418321,-73.9184541,on a listed block
2028640070,1331 INWOOD AVENUE,C0,2,1920,3,3,1,40140.0,40.8391324,-73.9200657,on a listed block
2028640076,1307 INWOOD AVENUE,Z3,8,1969,0,1,1,723150.0,40.838828,-73.9204238,on a listed block
2028640073,1323 INWOOD AVENUE,C2,2,1910,6,6,1,450450.0,40.8389349,-73.9201888,on a listed block
2028710069,1309 CROMWELL AVENUE,O7,5,1920,0,1,1,766800.0,40.8389822,-73.9211103,on a listed block
2028640001,1290 CROMWELL AVENUE,G1,10,1925,0,1,1,328050.0,40.8383452,-73.9208653,on a listed block
2028640074,1321 INWOOD AVENUE,A5,1,1920,1,1,1,35160.0,40.838836,-73.9201383,on a listed block
2028640008,1301 INWOOD AVENUE,E9,6,1924,0,2,1,651150.0,40.8386031,-73.9206337,on a listed block
2028440038,1450 TOWNSEND AVENUE,C1,2,1924,59,59,1,1449900.0,40.8410889,-73.9155891,on a listed block
2028440058,1475 WALTON AVENUE,D1,3,1935,68,68,1,2402100.0,40.8414398,-73.9149308,on a listed block
2028440033,1455 TOWNSEND AVENUE,D1,3,1926,54,54,1,718200.0,40.8412595,-73.9161093,on a listed block
2028440105,1459 WYTHE PLACE,D1,3,1929,73,73,1,1615950.0,40.8406763,-73.9144042,on a listed block
2028440095,1475 WYTHE PLACE,D1,3,1929,73,73,1,1108800.0,40.8411043,-73.9140964,on a listed block
2028440050,50 EAST 172 STREET,C1,2,1925,38,38,1,688500.0,40.8416925,-73.9152124,on a listed block
2028440083,1478 WALTON AVENUE,D1,3,1928,79,79,1,2629350.0,40.8412363,-73.9144215,on a listed block
2028440021,1465 TOWNSEND AVENUE,D1,3,1927,106,106,2,2659950.0,40.8416874,-73.9158051,on a listed block
2028440043,1466 TOWNSEND AVENUE,D1,3,1940,60,60,1,936450.0,40.8414181,-73.9153501,on a listed block
2028440065,1453 WALTON AVENUE,D1,3,1927,73,73,1,1232550.0,40.8410091,-73.9152314,on a listed block
2031950104,27 WEST 181 STREET,C1,2,1924,45,45,1,647550.0,40.8563975,-73.9065937,on a listed block
2031950013,2173 DAVIDSON AVENUE,B2,1,1991,2,2,1,45540.0,40.8567431,-73.90638,on a listed block
2031950045,16 CLINTON PLACE,B1,1,1920,2,2,1,47460.0,40.8565068,-73.9060405,on a listed block
2031950032,2175 DAVIDSON AVENUE,C1,2,2022,18,18,1,438750.0,40.856957,-73.9060941,on a listed block
2031920056,2111 JEROME AVENUE,K1,5,1920,0,1,1,388350.0,40.8550334,-73.9066752,on a listed block
2031920142,2120 DAVIDSON AVENUE,B1,1,1996,2,2,1,44400.0,40.8556015,-73.9065587,on a listed block
2031950017,2167 DAVIDSON AVENUE,B2,1,1991,2,2,1,45540.0,40.856595,-73.9064706,on a listed block
2031950156,2178 DAVIDSON AVENUE,C0,2,2006,3,3,1,61800.0,40.8570773,-73.9056095,on a listed block
2031950174,7 CLINTON PLACE,B3,1,1901,2,2,1,50040.0,40.8568221,-73.9055773,on a listed block
2031920137,2110 DAVIDSON AVENUE,B1,1,1996,2,2,1,44400.0,40.8553793,-73.9067615,on a listed block
2031950074,5 CLINTON PLACE,C0,2,2007,3,3,1,55980.0,40.8567918,-73.9054942,on a listed block
2031950051,2170 DAVIDSON AVENUE,C1,2,1924,31,31,1,369900.0,40.8568771,-73.9057327,on a listed block
2031960006,2222 GRAND AVENUE,C0,2,2006,3,3,1,50640.0,40.8580301,-73.9060673,on a listed block
2031960001,2200 GRAND AVENUE,D1,3,1932,49,49,1,902700.0,40.8578051,-73.9061327,on a listed block
2031960052,2254 GRAND AVENUE,C0,2,2008,3,3,1,63660.0,40.8584827,-73.905716,on a listed block
2031960055,2262 GRAND AVENUE,B2,1,1901,2,2,1,35340.0,40.858672,-73.9056036,on a listed block
2031950157,2180 DAVIDSON AVENUE,C0,2,2006,3,3,1,61800.0,40.8571267,-73.9055805,on a listed block
2031950159,2184 DAVIDSON AVENUE,C0,2,2006,3,3,1,62100.0,40.8572255,-73.9055189,on a listed block
2031960066,27 BUCHANAN PLACE,D7,4,2018,25,26,1,894600.0,40.858304,-73.9053258,on a listed block
2031960109,42 BUCHANAN PLACE,C0,2,2006,3,3,1,53460.0,40.85803,-73.905901,on a listed block
2031960053,2258 GRAND AVENUE,C1,2,1926,22,22,1,565200.0,40.8585787,-73.905658,on a listed block
2031960018,2201 DAVIDSON AVENUE,D1,3,1929,48,48,1,1115550.0,40.8576868,-73.9057966,on a listed block
2031920009,2060 DAVIDSON AVENUE,B1,1,1996,2,2,1,47340.0,40.8542466,-73.9077933,on a listed block
2031920012,2064 DAVIDSON AVENUE,B1,1,1996,2,2,1,47340.0,40.8543343,-73.9077136,on a listed block
2031960004,2220 GRAND AVENUE,C0,2,2006,3,3,1,53580.0,40.8579807,-73.9060963,on a listed block
2031960068,31 BUCHANAN PLACE,C0,2,1930,3,3,1,50640.0,40.8583453,-73.9054523,on a listed block
2031950022,28 WEST 182 STREET,D1,3,1927,30,30,1,571950.0,40.857267,-73.9059563,on a listed block
2031960108,2226 GRAND AVENUE,C0,2,2006,3,3,1,50640.0,40.8581289,-73.9060057,on a listed block
2031960051,2252 GRAND AVENUE,A1,1,1901,1,1,1,32820.0,40.8584224,-73.9057558,on a listed block
2031960069,33 BUCHANAN PLACE,V0,11,0,0,0,1,10980.0,40.8583728,-73.9055318,on a listed block
2031950158,2182 DAVIDSON AVENUE,C0,2,2006,3,3,1,61800.0,40.8571761,-73.9055479,on a listed block
2031960010,30 BUCHANAN PLACE,C1,2,1924,47,47,1,933300.0,40.8579392,-73.9056444,on a listed block
2031960056,2280 GRAND AVENUE,C7,4,1924,26,31,1,1084950.0,40.8587653,-73.9055457,on a listed block
2031960110,40 BUCHANAN PLACE,C0,2,2006,3,3,1,53460.0,40.858008,-73.9058396,on a listed block
2031960050,2250 GRAND AVENUE,A1,1,1901,1,1,2,32820.0,40.8583565,-73.9057957,on a listed block
2031960058,2265 DAVIDSON AVENUE,C7,4,1926,49,56,1,1222650.0,40.8585839,-73.9052567,on a listed block
2031950030,29 CLINTON PLACE,S3,4,1901,3,4,2,301500.0,40.8570421,-73.9061157,on a listed block
2031960008,2224 GRAND AVENUE,C0,2,2006,3,3,1,50640.0,40.8580795,-73.9060347,on a listed block
2031920033,2100 DAVIDSON AVENUE,B1,1,1996,2,2,1,47340.0,40.8551462,-73.9069751,on a listed block
2031920029,2090 DAVIDSON AVENUE,B1,1,1996,2,2,1,47340.0,40.8549185,-73.9071814,on a listed block
2031920132,2098 DAVIDSON AVENUE,B1,1,1996,2,2,1,47340.0,40.8551023,-73.9070149,on a listed block
2031950014,2171 DAVIDSON AVENUE,B2,1,1991,2,2,1,45060.0,40.8566937,-73.906409,on a listed block
2031950016,38 WEST 182 STREET,C1,2,1924,43,43,1,530100.0,40.8573963,-73.9063321,on a listed block
2031960009,2228 GRAND AVENUE,C0,2,2006,3,3,1,54660.0,40.8581783,-73.9059731,on a listed block
2031950048,10 CLINTON PLACE,C3,2,1931,4,4,1,266850.0,40.856416,-73.9057876,on a listed block
2031950001,2150 GRAND AVENUE,B2,1,1991,2,2,1,45540.0,40.8564142,-73.9069914,on a listed block
2031950015,2169 DAVIDSON AVENUE,B2,1,1991,2,2,1,45060.0,40.8566444,-73.9064416,on a listed block
2031950009,2164 GRAND AVENUE,B2,1,1991,2,2,1,45060.0,40.8567626,-73.9067776,on a listed block
2031920143,2122 DAVIDSON AVENUE,B1,1,1996,2,2,1,44400.0,40.8556481,-73.9065189,on a listed block
2031950003,2154 GRAND AVENUE,B2,1,1991,2,2,1,45060.0,40.856513,-73.9069298,on a listed block
2031950006,2158 GRAND AVENUE,B2,1,1991,2,2,1,45060.0,40.8566145,-73.9068682,on a listed block
2031950007,2160 GRAND AVENUE,B2,1,1991,2,2,1,45060.0,40.8566666,-73.9068392,on a listed block
2031950008,2162 GRAND AVENUE,B2,1,1991,2,2,1,45060.0,40.8567133,-73.9068066,on a listed block
2031950010,2166 GRAND AVENUE,B2,1,1991,2,2,1,45060.0,40.856812,-73.906745,on a listed block
2031950028,31 CLINTON PLACE,C0,2,1901,3,3,1,55260.0,40.8570559,-73.9062349,on a listed block
2031950155,2176 DAVIDSON AVENUE,C0,2,2006,3,3,1,62100.0,40.857028,-73.9056385,on a listed block
2031950047,12 CLINTON PLACE,C3,2,1931,4,4,2,266850.0,40.8564463,-73.9058707,on a listed block
2031920025,2084 DAVIDSON AVENUE,B1,1,1996,2,2,1,47340.0,40.8547869,-73.9073009,on a listed block
2031920138,2112 DAVIDSON AVENUE,B1,1,1996,2,2,2,47340.0,40.8554232,-73.9067216,on a listed block
2031950004,2156 GRAND AVENUE,B2,1,1991,2,2,1,45060.0,40.8565651,-73.9069008,on a listed block
2031920006,2056 DAVIDSON AVENUE,B1,1,1996,2,2,1,47340.0,40.8541588,-73.9078729,on a listed block
2031920060,2075 JEROME AVENUE,K1,5,1926,0,5,1,896850.0,40.854729,-73.9069503,on a listed block
2031920011,2062 DAVIDSON AVENUE,B1,1,1996,2,2,1,47340.0,40.8542905,-73.9077534,on a listed block
2031980068,2356 DAVIDSON AVENUE,A5,1,1901,1,1,1,33300.0,40.8602732,-73.9035588,on a listed block
2031980070,2360 DAVIDSON AVENUE,A5,1,1901,1,1,1,32940.0,40.8603583,-73.9035045,on a listed block
2031960093,2254 DAVIDSON AVENUE,C1,2,1922,37,37,1,517050.0,40.8581664,-73.9049392,on a listed block
2031980063,2350 DAVIDSON AVENUE,I7,8,1910,45,45,1,930150.0,40.8601279,-73.9037976,on a listed block
2031860080,WALTON AVENUE,G7,10,0,0,0,0,242100.0,40.857235,-73.9037837,on a listed block
2031860109,2259 WALTON AVENUE,B1,1,1901,2,2,1,38700.0,40.8578578,-73.9034032,on a listed block
2031860110,2255 WALTON AVENUE,B1,1,1901,2,2,1,45480.0,40.8577562,-73.9034649,on a listed block
2031850015,2151 WALTON AVENUE,C0,2,1901,3,3,1,40860.0,40.8555616,-73.9048489,on a listed block
2031860036,2187 WALTON AVENUE,B2,1,1920,2,2,2,47400.0,40.856445,-73.9042729,on a listed block
2031860069,2267 WALTON AVENUE,B1,1,1901,2,2,1,38700.0,40.8580553,-73.9032837,on a listed block
2031960079,12 WEST 183 STREET,K9,5,1910,2,3,1,181350.0,40.8583418,-73.9045557,on a listed block
2031980050,2324 DAVIDSON AVENUE,C1,2,1911,17,17,1,223650.0,40.859475,-73.9041818,on a listed block
2031980055,2344 DAVIDSON AVENUE,D1,3,1936,59,59,1,1215000.0,40.8596862,-73.9039176,on a listed block
2031850009,2163 WALTON AVENUE,B1,1,1901,2,2,1,33000.0,40.8558194,-73.9046136,on a listed block
2031970017,19 WEST 183 STREET,K1,5,1996,0,4,1,381150.0,40.8588166,-73.9045442,on a listed block
2031980092,15 NORTH STREET,D1,3,1936,38,38,1,918000.0,40.8600592,-73.9036061,on a listed block
2031960029,2232 DAVIDSON AVENUE,C1,2,1923,65,65,1,825750.0,40.8577466,-73.9051025,on a listed block
2031860030,2201 WALTON AVENUE,C1,2,1926,27,27,1,483750.0,40.8567961,-73.9040591,on a listed block
2031860065,2273 WALTON AVENUE,M1,8,1910,0,2,2,246150.0,40.8582336,-73.903175,on a listed block
2031960077,14 WEST 183 STREET,K4,4,1910,2,3,1,120150.0,40.8583775,-73.9046569,on a listed block
2031850011,2159 WALTON AVENUE,A5,1,1901,1,1,1,29400.0,40.8557344,-73.9046896,on a listed block
2031920133,2102 DAVIDSON AVENUE,B1,1,1996,2,2,1,47340.0,40.8551928,-73.9069316,on a listed block
2031920030,2092 DAVIDSON AVENUE,B1,1,1996,2,2,1,47340.0,40.8549624,-73.9071416,on a listed block
2031920139,2114 DAVIDSON AVENUE,B1,1,1996,2,2,1,44400.0,40.8554698,-73.9066818,on a listed block
2031920007,2058 DAVIDSON AVENUE,B1,1,1996,2,2,1,47340.0,40.8542027,-73.9078331,on a listed block
2031920014,2068 DAVIDSON AVENUE,B1,1,1996,2,2,1,47340.0,40.8544221,-73.9076304,on a listed block
2031920016,2070 DAVIDSON AVENUE,B1,1,1996,2,2,1,47340.0,40.8544687,-73.9075905,on a listed block
2031920017,2072 DAVIDSON AVENUE,B1,1,1996,2,2,1,47340.0,40.8545154,-73.9075507,on a listed block
2031920020,2076 DAVIDSON AVENUE,B1,1,1996,2,2,1,47340.0,40.8546031,-73.9074674,on a listed block
2031920021,2078 DAVIDSON AVENUE,B1,1,1996,2,2,1,47340.0,40.8546497,-73.9074276,on a listed block
2031920024,2082 DAVIDSON AVENUE,B1,1,1996,2,2,1,47340.0,40.8547403,-73.9073443,on a listed block
2031920028,2088 DAVIDSON AVENUE,B1,1,1996,2,2,1,47340.0,40.8548746,-73.9072213,on a listed block
2031850012,2157 WALTON AVENUE,A5,1,1901,1,1,1,29400.0,40.8556933,-73.9047294,on a listed block
2031860027,2205 WALTON AVENUE,C1,2,1925,31,31,1,793800.0,40.8569552,-73.9039613,on a listed block
2031860032,2195 WALTON AVENUE,D1,3,1929,42,42,1,669600.0,40.8565986,-73.9041787,on a listed block
2031850007,6 CAMERON PLACE,C0,2,1901,3,3,1,43260.0,40.8558635,-73.9047979,on a listed block
2031850017,7 EAST 181 STREET,B1,1,1901,2,2,1,45060.0,40.8557017,-73.9049463,on a listed block
2031920001,2050 DAVIDSON AVENUE,C7,4,1920,30,37,1,1583550.0,40.8540409,-73.9080068,on a listed block
2031920018,2074 DAVIDSON AVENUE,B1,1,1996,2,2,1,47340.0,40.8545592,-73.9075073,on a listed block
2031920022,2080 DAVIDSON AVENUE,B1,1,1996,2,2,1,47340.0,40.8546936,-73.9073842,on a listed block
2031920026,2086 DAVIDSON AVENUE,B1,1,1996,2,2,1,47340.0,40.8548308,-73.9072611,on a listed block
2031920032,2096 DAVIDSON AVENUE,B1,1,1996,2,2,1,47340.0,40.8550557,-73.9070547,on a listed block
2031920130,2094 DAVIDSON AVENUE,B1,1,1996,2,2,1,47340.0,40.855009,-73.9070982,on a listed block
2031920066,2055 JEROME AVENUE,K5,5,1990,0,1,1,808200.0,40.8543724,-73.9072689,on a listed block
2031850013,2155 WALTON AVENUE,B3,1,1901,2,2,1,33000.0,40.8556494,-73.9047693,on a listed block
2031850014,2153 WALTON AVENUE,B1,1,1901,2,2,1,33000.0,40.8556055,-73.9048091,on a listed block
2031860068,2269 WALTON AVENUE,B1,1,1901,2,2,1,38700.0,40.8581074,-73.9032511,on a listed block
2031860071,2261 WALTON AVENUE,B1,1,1901,2,2,1,38700.0,40.8579071,-73.9033743,on a listed block
2031960074,18 WEST 183 STREET,C7,4,1924,26,29,1,1135350.0,40.8584298,-73.9048051,on a listed block
2031970021,11 WEST 183 STREET,K1,5,1920,0,2,1,142200.0,40.8587506,-73.9043563,on a listed block
2031860108,2265 WALTON AVENUE,C0,2,1901,3,3,1,40800.0,40.8580059,-73.9033127,on a listed block
2031860070,2263 WALTON AVENUE,B1,1,1901,2,2,1,38700.0,40.8579565,-73.9033453,on a listed block
2031960091,11 BUCHANAN PLACE,C0,2,1920,3,3,1,46200.0,40.8580866,-73.9047116,on a listed block
2031920135,2106 DAVIDSON AVENUE,B1,1,1996,2,2,1,47340.0,40.855286,-73.9068447,on a listed block
2031950021,30 WEST 182 STREET,D1,3,2024,11,11,1,714600.0,40.857311,-73.9060827,on a listed block
2031920134,2104 DAVIDSON AVENUE,B1,1,1996,2,2,1,47340.0,40.8552394,-73.9068882,on a listed block
2031920136,2108 DAVIDSON AVENUE,B1,1,1996,2,2,1,44400.0,40.8553327,-73.9068049,on a listed block
2031920140,2116 DAVIDSON AVENUE,B1,1,1996,2,2,1,44400.0,40.8555137,-73.9066384,on a listed block
2031950011,2168 GRAND AVENUE,B2,1,1991,2,2,1,45540.0,40.8568641,-73.906716,on a listed block
2031950018,2165 DAVIDSON AVENUE,G0,10,0,0,0,0,15720.0,40.8565483,-73.9065032,on a listed block
2031950046,14 CLINTON PLACE,B1,1,1920,2,2,1,46200.0,40.8564765,-73.9059538,on a listed block
2031860076,2247 WALTON AVENUE,D1,3,2015,50,50,1,1218150.0,40.8575148,-73.9036134,on a listed block
2031860078,2243 WALTON AVENUE,B1,1,1901,2,2,1,52560.0,40.8573914,-73.9036859,on a listed block
2031870056,25 EAST 183 STREET,O7,5,1990,0,1,1,1422450.0,40.8586725,-73.9029176,on a listed block
2031960023,17 WEST 182 STREET,D1,3,1936,65,65,1,1116450.0,40.8574942,-73.9052547,on a listed block
2031860063,12 EAST 183 STREET,K1,5,1920,0,6,1,505800.0,40.8583461,-73.9031061,on a listed block
2031860067,2271 WALTON AVENUE,B1,1,1901,2,2,1,38700.0,40.858154,-73.9032221,on a listed block
2031860072,2257 WALTON AVENUE,B1,1,1901,2,2,1,38700.0,40.8578056,-73.9034359,on a listed block
2031860079,2241 WALTON AVENUE,B1,1,1925,2,2,1,46320.0,40.8573283,-73.9037258,on a listed block
2031970023,2290 DAVIDSON AVENUE,D1,3,1927,55,55,1,1529550.0,40.8590415,-73.9043125,on a listed block
2031980110,15 EVELYN PLACE,D1,3,1931,30,30,1,692550.0,40.859409,-73.9039939,on a listed block
2031980069,2358 DAVIDSON AVENUE,A5,1,1901,1,1,1,32940.0,40.8603144,-73.9035298,on a listed block
2031980071,2364 DAVIDSON AVENUE,A5,1,1901,1,1,1,32340.0,40.8604433,-73.9034537,on a listed block
2031980074,18 WEST 184 STREET,B3,1,1901,2,2,1,41400.0,40.8606463,-73.9033811,on a listed block
2031980140,2362 DAVIDSON AVENUE,A5,1,1901,1,1,1,32640.0,40.8603994,-73.9034791,on a listed block
2031980141,2366 DAVIDSON AVENUE,C3,2,1933,4,4,1,409950.0,40.8605147,-73.9034608,on a listed block
2031980072,2368 DAVIDSON AVENUE,C0,2,1901,3,3,1,62580.0,40.8607041,-73.9034895,on a listed block
2031980143,14 WEST 184 STREET,B3,1,1901,2,2,1,43440.0,40.8606161,-73.9032546,on a listed block
2031870045,2327 WALTON AVENUE,C1,2,1926,17,17,1,615150.0,40.8594132,-73.9024574,on a listed block
2031870030,2357 WALTON AVENUE,C1,2,1921,44,44,1,539100.0,40.8601566,-73.9020081,on a listed block
2031870036,2351 WALTON AVENUE,D1,3,2022,61,62,1,2338650.0,40.8599756,-73.9021096,on a listed block
2031870038,2345 WALTON AVENUE,D1,3,1935,25,25,1,438300.0,40.8598521,-73.9021857,on a listed block
2031980067,2354 DAVIDSON AVENUE,A5,1,1901,1,1,1,33120.0,40.8602321,-73.9035842,on a listed block
2031870053,2315 WALTON AVENUE,D1,3,1938,45,45,1,1345500.0,40.8588837,-73.90278,on a listed block
2031870047,2323 WALTON AVENUE,D1,3,1928,66,66,1,986850.0,40.8591636,-73.9026096,on a listed block
2031870040,2335 WALTON AVENUE,C1,2,1926,51,51,1,1329750.0,40.8596299,-73.9023234,on a listed block
2031980073,20 WEST 184 STREET,C0,2,1901,3,3,1,44820.0,40.8606601,-73.9034426,on a listed block
2031980076,12 WEST 184 STREET,A1,1,1899,1,1,1,42240.0,40.8605501,-73.9032041,on a listed block
2031790041,2105 WALTON AVENUE,C1,2,1927,56,56,1,1234350.0,40.8549281,-73.905486,on a listed block
2031790035,2115 WALTON AVENUE,Q2,9,0,0,0,0,110700.0,40.8552572,-73.9051819,on a listed block
2031790057,2069 WALTON AVENUE,C1,2,1927,33,33,1,858600.0,40.8541437,-73.9061848,on a listed block
2031980012,2306 GRAND AVENUE,V0,11,0,0,0,0,10320.0,40.8603015,-73.904618,on a listed block
2031980027,28 WEST 184 STREET,B9,1,1901,2,2,1,39660.0,40.8608059,-73.9038003,on a listed block
2031980023,36 WEST 184 STREET,B9,1,1901,2,2,1,41760.0,40.8608829,-73.9040207,on a listed block
2031980024,34 WEST 184 STREET,B9,1,1901,2,2,1,39660.0,40.8608637,-73.9039665,on a listed block
2031980015,2312 GRAND AVENUE,A5,1,1901,1,1,2,39360.0,40.8604908,-73.904502,on a listed block
2031980016,2314 GRAND AVENUE,B3,1,1901,2,2,2,45060.0,40.8605539,-73.9044622,on a listed block
2031980042,2333 DAVIDSON AVENUE,C1,2,1905,11,11,1,265950.0,40.8598347,-73.9043331,on a listed block
2031980046,33 EVELYN PLACE,B3,1,1901,2,2,2,50340.0,40.8596566,-73.9047057,on a listed block
2031980026,30 WEST 184 STREET,A9,1,1901,1,1,1,38520.0,40.8608279,-73.9038581,on a listed block
2031980038,31 NORTH STREET,C1,2,1913,21,21,1,504450.0,40.8601997,-73.9042675,on a listed block
2031970001,2280 GRAND AVENUE,D7,4,1927,50,55,1,2378700.0,40.8590972,-73.90535,on a listed block
2031970005,2284 GRAND AVENUE,C1,2,1924,51,51,1,904500.0,40.8593469,-73.9051942,on a listed block
2031980018,2320 GRAND AVENUE,C1,2,1922,22,22,1,615600.0,40.8607185,-73.9043607,on a listed block
2031980020,2322 GRAND AVENUE,C1,2,1922,22,22,1,426600.0,40.8608365,-73.9042883,on a listed block
2031980029,2365 DAVIDSON AVENUE,A1,1,1920,1,1,2,48000.0,40.860677,-73.903992,on a listed block
2031980005,2304 GRAND AVENUE,C1,2,1924,52,52,1,1692450.0,40.8599998,-73.9047992,on a listed block
2031970009,2285 DAVIDSON AVENUE,C1,2,1923,51,51,1,519300.0,40.8592286,-73.9048581,on a listed block
2031970014,21 WEST 183 STREET,C7,4,1927,31,35,1,926550.0,40.8589624,-73.9049706,on a listed block
2031980034,2353 DAVIDSON AVENUE,C1,2,1912,11,11,1,340650.0,40.8603945,-73.9041515,on a listed block
2031980021,2326 GRAND AVENUE,C1,2,1922,36,36,1,696600.0,40.8609737,-73.9042013,on a listed block
2031980043,28 NORTH STREET,B3,1,1899,2,2,1,56760.0,40.8598815,-73.9044632,on a listed block
2031980017,2316 GRAND AVENUE,C1,2,1901,15,15,2,617400.0,40.8606198,-73.9044187,on a listed block
2031980025,32 WEST 184 STREET,B9,1,1901,2,2,1,39660.0,40.8608472,-73.9039159,on a listed block
2031980028,26 WEST 184 STREET,B9,1,1901,2,2,1,48600.0,40.8607839,-73.9037424,on a listed block
2031970016,35 WEST 183 STREET,K1,5,1910,0,1,1,209250.0,40.8590229,-73.9051368,on a listed block
2031980036,2349 DAVIDSON AVENUE,C1,2,1912,11,11,1,326250.0,40.8602985,-73.9042095,on a listed block
2031980001,2294 GRAND AVENUE,C1,2,1923,50,50,1,1023300.0,40.8597446,-73.904955,on a listed block
2028720399,CROMWELL AVENUE,V3,11,0,0,0,0,186.0,40.8423623,-73.9192161,on a listed block
2028720400,CROMWELL AVENUE,V0,11,0,0,0,0,2400.0,40.8423706,-73.9193136,on a listed block
2028720398,CROMWELL AVENUE,V1,11,0,0,0,0,513.0,40.8424309,-73.9191545,on a listed block
2028530032,1937 WALTON AVENUE,G7,10,0,0,0,0,488250.0,40.8510637,-73.9089869,on a listed block
2028720216,1475 JESUP AVENUE,C7,4,1926,63,64,1,877500.0,40.8431668,-73.9196271,on a listed block
2028720326,1505 MACOMBS ROAD,D1,3,1936,58,58,1,1694700.0,40.8436075,-73.9179821,on a listed block
2028720302,1476 JESUP AVENUE,C1,2,1920,20,20,1,683100.0,40.8428618,-73.9191287,on a listed block
2028720331,1515 MACOMBS ROAD,D1,3,1931,109,109,1,2842200.0,40.8441015,-73.9178152,on a listed block
2028720342,1555 MACOMBS ROAD,M1,8,1930,0,1,1,746550.0,40.8446614,-73.9177929,on a listed block
2028490064,1734 TOWNSEND AVENUE,C7,4,1926,26,30,1,789750.0,40.8470472,-73.9113418,on a listed block
2028480061,64 CLIFFORD PLACE,C0,2,1920,3,3,2,48240.0,40.8457328,-73.9117013,on a listed block
2028490082,61 CLIFFORD PLACE,B1,1,1920,2,2,1,53160.0,40.8461746,-73.9115996,on a listed block
2028480059,60 CLIFFORD PLACE,B1,1,1920,2,2,2,54240.0,40.8457988,-73.9118603,on a listed block
2028490028,1723 TOWNSEND AVENUE,C6,2,1926,21,21,3,501750.0,40.8469874,-73.9120322,on a listed block
2028490060,1720 TOWNSEND AVENUE,C0,2,1930,3,3,1,47820.0,40.8466989,-73.9115916,on a listed block
2028490086,53 CLIFFORD PLACE,B1,1,1920,2,2,2,52020.0,40.8463121,-73.9119247,on a listed block
2028720358,1595 MACOMBS ROAD,Q1,9,0,0,0,0,104850.0,40.8457426,-73.9175313,on a listed block
2028720243,1591 JESUP AVENUE,D7,4,2021,59,60,1,3357900.0,40.8455814,-73.9186086,on a listed block
2028720092,47 WEST 170 STREET,V1,11,0,0,0,0,62550.0,40.8408343,-73.9203202,on a listed block
2028720229,1541 JESUP AVENUE,C0,2,1925,3,3,1,82320.0,40.8444754,-73.9187834,on a listed block
2028720218,81 WEST 172 STREET,V0,11,0,0,0,0,17580.0,40.8435344,-73.9193701,on a listed block
2028720117,1460 SHAKESPEARE AVENUE,N2,8,2002,79,79,1,2106000.0,40.8432768,-73.9199739,on a listed block
2028720274,JESUP AVENUE,C1,2,2022,10,10,1,614700.0,40.8445985,-73.9181616,on a listed block
2028720276,1542 JESUP AVENUE,C2,2,1931,6,6,1,414000.0,40.844464,-73.918169,on a listed block
2028720277,1540 JESUP AVENUE,C2,2,1931,6,6,1,414000.0,40.8443625,-73.9181836,on a listed block
2028720306,1468 JESUP AVENUE,B1,1,1920,2,2,1,66720.0,40.8425929,-73.9192808,on a listed block
2028720312,1479 MACOMBS ROAD,D1,3,1929,72,72,1,1827900.0,40.8428642,-73.91863,on a listed block
2028720320,1491 MACOMBS ROAD,D1,3,2003,90,90,2,1615950.0,40.8432729,-73.9182969,on a listed block
2028720220,1507 JESUP AVENUE,B1,1,1930,2,2,1,63000.0,40.8436743,-73.9192687,on a listed block
2028720303,1474 JESUP AVENUE,C0,2,1920,3,3,1,74880.0,40.8427548,-73.9191614,on a listed block
2028720105,1432 SHAKESPEARE AVENUE,C0,2,1925,3,3,1,79680.0,40.8427145,-73.9203758,on a listed block
2028720207,1465 JESUP AVENUE,C1,2,1926,55,56,1,1147500.0,40.8428321,-73.9198733,on a listed block
2028720279,1536 JESUP AVENUE,C0,2,1935,3,3,1,64500.0,40.8441951,-73.9181946,on a listed block
2028720106,1436 SHAKESPEARE AVENUE,B2,1,1930,2,2,1,62280.0,40.8427885,-73.9203215,on a listed block
2028720103,1428 SHAKESPEARE AVENUE,C0,2,1925,3,3,1,79680.0,40.8426239,-73.9204446,on a listed block
2028720278,1538 JESUP AVENUE,C0,2,1935,3,3,1,57420.0,40.8442802,-73.9181981,on a listed block
2028720205,1455 JESUP AVENUE,D5,3,1926,30,30,1,482850.0,40.8425633,-73.9200688,on a listed block
2028720219,1505 JESUP AVENUE,B1,1,1930,2,2,1,62700.0,40.843614,-73.9193121,on a listed block
2028720101,1422 SHAKESPEARE AVENUE,B1,1,1930,2,2,2,59280.0,40.8424868,-73.9205423,on a listed block
2028720222,1513 JESUP AVENUE,B1,1,1930,2,2,2,66600.0,40.8438554,-73.9191384,on a listed block
2028720123,1476 SHAKESPEARE AVENUE,C7,4,1924,31,32,1,481050.0,40.8438859,-73.9195756,on a listed block
2028720311,1458 JESUP AVENUE,C0,2,1920,3,3,1,58080.0,40.8423626,-73.9196498,on a listed block
2028720230,1543 JESUP AVENUE,C1,2,1925,21,21,1,891000.0,40.8445742,-73.918776,on a listed block
2028720308,1464 JESUP AVENUE,B1,1,1920,2,2,1,61260.0,40.8424887,-73.9194328,on a listed block
2028720301,1480 JESUP AVENUE,C0,2,2011,3,3,1,78540.0,40.8429386,-73.9190708,on a listed block
2028720287,1510 JESUP AVENUE,D1,3,2005,65,65,1,1028700.0,40.843298,-73.9188029,on a listed block
2028720307,1466 JESUP AVENUE,C0,2,1935,3,3,1,53580.0,40.8425381,-73.919346,on a listed block
2028720100,1420 SHAKESPEARE AVENUE,B1,1,1930,2,2,2,69660.0,40.8424264,-73.9205894,on a listed block
2028720221,1511 JESUP AVENUE,B1,1,1930,2,2,1,58860.0,40.843795,-73.9191854,on a listed block
2028720170,1453 CROMWELL AVENUE,E9,6,1928,0,2,1,672750.0,40.8424856,-73.9188726,on a listed block
2028720407,1509 JESUP AVENUE,V0,11,0,0,0,1,11940.0,40.8437347,-73.9192252,on a listed block
2028720108,1444 SHAKESPEARE AVENUE,C1,2,1923,37,37,1,477900.0,40.8429696,-73.9201912,on a listed block
2028720200,65 JESUP PLACE,C1,2,1926,38,38,1,717300.0,40.8423493,-73.9202244,on a listed block
2028720273,1548 JESUP AVENUE,C1,2,2022,16,16,1,780750.0,40.8446424,-73.9181146,on a listed block
2028720275,JESUP AVENUE,C1,2,2022,10,10,1,614700.0,40.8445464,-73.9181725,on a listed block
2028720281,1530 JESUP AVENUE,D1,3,2007,75,75,1,965250.0,40.8438466,-73.9183649,on a listed block
2028720300,1482 JESUP AVENUE,C0,2,2011,3,3,1,68460.0,40.8429852,-73.9190346,on a listed block
2028720309,1460 JESUP AVENUE,C0,2,1920,3,3,1,62820.0,40.8424366,-73.9195232,on a listed block
2028720107,1438 SHAKESPEARE AVENUE,B1,1,1930,2,2,1,58500.0,40.8428489,-73.9202817,on a listed block
2028720120,1472 SHAKESPEARE AVENUE,D1,3,2022,34,34,1,2135250.0,40.8437076,-73.9196951,on a listed block
2028720305,1470 JESUP AVENUE,C0,2,1935,3,3,2,69480.0,40.842667,-73.9192265,on a listed block
2028720102,1424 SHAKESPEARE AVENUE,B1,1,1930,2,2,2,41220.0,40.8425471,-73.9204989,on a listed block
2028720025,64 JESUP PLACE,C1,2,1925,38,38,1,630000.0,40.8420283,-73.9204814,on a listed block
2028720054,1400 JESUP AVENUE,D1,3,1928,51,51,1,1552500.0,40.8409196,-73.9206129,on a listed block
2028720078,1415 CROMWELL AVENUE,G2,7,1928,0,1,1,692100.0,40.8414624,-73.9196906,on a listed block
2028720033,1411 JESUP AVENUE,C0,2,1924,3,3,2,61980.0,40.8414632,-73.9209122,on a listed block
2028720071,JESUP AVENUE,D1,3,2023,49,49,1,3100500.0,40.8418852,-73.919878,on a listed block
2028720179,1445 CROMWELL AVENUE,E9,6,2005,0,1,1,398700.0,40.8421976,-73.9191295,on a listed block
2028720001,1372 SHAKESPEARE AVENUE,C6,2,1926,51,57,1,781650.0,40.8411398,-73.9215486,on a listed block
2028720005,1378 SHAKESPEARE AVENUE,D1,3,1927,19,19,1,353700.0,40.8413428,-73.9214147,on a listed block
2028720007,1382 SHAKESPEARE AVENUE,D1,3,2009,127,127,1,5196600.0,40.8418366,-73.9210418,on a listed block
2028720028,1427 JESUP AVENUE,C0,2,1930,3,3,1,63720.0,40.8418939,-73.9205828,on a listed block
2028720046,1340 EDWARD L GRANT HWY,K2,5,1926,0,7,1,688050.0,40.8404917,-73.9210543,on a listed block
2028720050,1388 JESUP AVENUE,K2,5,1910,0,10,1,422100.0,40.8406946,-73.9207938,on a listed block
2028720058,1404 JESUP AVENUE,D1,3,2006,127,127,1,2876850.0,40.8413969,-73.9202545,on a listed block
2028720070,1434 JESUP AVENUE,C1,2,1920,8,8,2,479250.0,40.8417975,-73.9200082,on a listed block
2028720183,1431 CROMWELL AVENUE,G9,7,1926,0,2,1,562500.0,40.8419452,-73.9193322,on a listed block
2028720093,49 WEST 170 STREET,G9,7,1937,0,1,1,23823.0,40.8407657,-73.9204107,on a listed block
2028720189,1450 JESUP AVENUE,D1,3,2006,49,49,1,967500.0,40.8421568,-73.91965,on a listed block
2028720036,1401 JESUP AVENUE,D1,3,2006,81,81,1,1281600.0,40.841167,-73.921133,on a listed block
2028720040,1387 JESUP AVENUE,D7,4,1922,34,38,1,1173150.0,40.8407938,-73.9213792,on a listed block
2028720029,1419 JESUP AVENUE,D1,3,1927,59,59,1,1151100.0,40.8416827,-73.9207421,on a listed block
2028720177,1451 CROMWELL AVENUE,B9,1,1910,2,2,1,39900.0,40.8422881,-73.9189993,on a listed block
2028720182,1441 CROMWELL AVENUE,Z9,,0,0,0,1,91800.0,40.8420988,-73.9192164,on a listed block
2028720086,35 WEST 170 STREET,G8,5,1920,0,1,1,177300.0,40.8410043,-73.9201032,on a listed block
2028720074,1421 CROMWELL AVENUE,E1,6,2005,0,1,1,439650.0,40.8417065,-73.9195096,on a listed block
2028530027,10 EAST TREMONT AVENUE,K1,5,1920,0,1,1,872100.0,40.8512584,-73.9088167,on a listed block
2028530035,1931 WALTON AVENUE,G7,10,0,0,0,0,880200.0,40.8508305,-73.9091824,on a listed block
2028530041,1921 WALTON AVENUE,M1,8,1930,0,1,1,199800.0,40.850633,-73.909255,on a listed block
2028720269,JESUP AVENUE,Q1,9,0,0,0,0,10521.0,40.8448783,-73.9178504,on a listed block
2028650049,50 WEST MT EDEN AVENUE,N2,8,1990,0,1,1,8482500.0,40.8445424,-73.9164882,on a listed block
2028710073,1354 EDWARD L GRANT HWY,G7,10,0,0,0,0,364950.0,40.8392538,-73.9210015,on a listed block
2028570095,JEROME AVENUE,Q1,9,1942,0,1,1,235350.0,40.840676,-73.9176894,on a listed block
2028640020,1330 CROMWELL AVENUE,Y6,7,1998,0,1,1,392400.0,40.8391793,-73.9203909,on a listed block
2028710077,1331 CROMWELL AVENUE,Y6,7,1942,0,1,1,805050.0,40.8394925,-73.9208892,on a listed block
2031860037,2175 WALTON AVENUE,Y1,8,1999,0,1,2,832050.0,40.8562282,-73.9044033,on a listed block
2028720126,1480 SHAKESPEARE AVENUE,P5,8,1998,0,1,1,2250450.0,40.8442287,-73.9191271,on a listed block
2028600001,INWOOD AVENUE,Q1,9,0,0,0,0,102150.0,40.8447886,-73.9153386,on a listed block
2028530043,1917 WALTON AVENUE,Q2,9,0,0,0,0,54900.0,40.8505122,-73.9093094,on a listed block
2028530053,25 EAST 177 STREET,Q2,9,0,0,0,0,77400.0,40.8502298,-73.9096495,on a listed block
2028530050,29 EAST 177 STREET,Q2,9,0,0,0,0,29106.0,40.8501692,-73.9094038,on a listed block
2028530048,WALTON AVENUE,Q2,9,0,0,0,0,22896.0,40.8501417,-73.9092665,on a listed block
2028530045,1915 WALTON AVENUE,Q2,9,0,0,0,0,46800.0,40.8503695,-73.9093348,on a listed block
2028650042,MACOMBS ROAD,Q1,9,0,0,0,0,13860.0,40.8447514,-73.9170121,on a listed block
2028560065,JEROME AVENUE,Q1,9,0,0,0,0,47700.0,40.8399709,-73.9181275,on a listed block
2031960092,15 BUCHANAN PLACE,QG,9,0,0,0,0,10980.0,40.8581142,-73.904791,on a listed block
2028600020,8 FEATHERBED LANE,Q1,9,0,0,0,0,61650.0,40.8454275,-73.9144776,on a listed block
2028620014,50 WEST TREMONT AVENUE,W1,8,1991,0,1,1,22446900.0,40.8511421,-73.9109821,on a listed block
2024890060,1225 GERARD AVENUE,I5,8,1972,0,1,5,14621850.0,40.8363412,-73.9203654,on a listed block
2028710126,CROMWELL AVENUE,G7,10,0,0,0,0,18000.0,40.8391192,-73.9208608,on a listed block
2028490068,1735 WALTON AVENUE,QG,9,0,0,0,0,58440.0,40.8469125,-73.9110167,on a listed block
2028480001,1650 JEROME AVENUE,Q1,9,0,0,0,0,116100.0,40.845564,-73.9134762,on a listed block
2031980030,DAVIDSON AVENUE,V0,11,0,0,0,0,180.0,40.8606057,-73.9039849,on a listed block
2028720262,1584 JESUP AVENUE,B1,1,1930,2,2,1,59580.0,40.8454108,-73.9180124,on a listed block
2028720256,1592 JESUP AVENUE,D1,3,1938,37,37,1,538650.0,40.8457539,-73.9179578,on a listed block
2028720251,88 FEATHERBED LANE,K1,5,1995,0,1,1,872100.0,40.8459739,-73.9185249,on a listed block
2028720354,1581 MACOMBS ROAD,Z9,,0,0,0,4,142650.0,40.8454709,-73.9175533,on a listed block
2028720365,1601 MACOMBS ROAD,D5,3,1924,53,53,1,1572750.0,40.8460445,-73.9175201,on a listed block
2028720254,1600 JESUP AVENUE,Q2,9,0,0,0,0,36338.0,40.8459268,-73.9179286,on a listed block
2028720252,1604 JESUP AVENUE,D5,3,1921,29,29,1,841500.0,40.8460914,-73.9178851,on a listed block
2028720261,1586 JESUP AVENUE,B1,1,1930,2,2,1,57960.0,40.8454795,-73.9180015,on a listed block
2028720247,1597 JESUP AVENUE,G7,10,0,0,0,0,219150.0,40.8457845,-73.9185722,on a listed block
2028720259,1590 JESUP AVENUE,V0,11,0,0,0,0,10980.0,40.8456167,-73.9179796,on a listed block
2028720260,1588 JESUP AVENUE,B1,1,1930,2,2,1,62040.0,40.8455481,-73.9179905,on a listed block
2028490038,1705 TOWNSEND AVENUE,C0,2,1920,3,3,1,51360.0,40.8465293,-73.9123436,on a listed block
2028480022,1685 TOWNSEND AVENUE,B1,1,1920,2,2,1,59520.0,40.8460958,-73.9126659,on a listed block
2028480057,56 CLIFFORD PLACE,B1,1,1920,2,2,2,54240.0,40.8458648,-73.9120228,on a listed block
2028480058,58 CLIFFORD PLACE,B1,1,1920,2,2,2,54240.0,40.8458345,-73.9119434,on a listed block
2028480062,1673 WALTON AVENUE,G7,10,0,0,0,1,660600.0,40.8455382,-73.911998,on a listed block
2028490085,55 CLIFFORD PLACE,C1,2,1920,12,12,2,360450.0,40.8462764,-73.9118416,on a listed block
2028490040,1701 TOWNSEND AVENUE,M1,8,1920,0,1,1,155250.0,40.8464031,-73.9124342,on a listed block
2028490050,51 CLIFFORD PLACE,B1,1,1930,2,2,2,52500.0,40.8463451,-73.9120041,on a listed block
2028490024,1735 TOWNSEND AVENUE,D1,3,1927,53,53,1,2122200.0,40.8472316,-73.9119054,on a listed block
2028480056,54 CLIFFORD PLACE,B1,1,1920,2,2,2,54240.0,40.8459005,-73.9121059,on a listed block
2028480055,52 CLIFFORD PLACE,B1,1,1920,2,2,2,54240.0,40.8459335,-73.9121926,on a listed block
2028490056,1714 TOWNSEND AVENUE,B1,1,1920,2,2,1,58560.0,40.8465699,-73.9116822,on a listed block
2028480060,62 CLIFFORD PLACE,B1,1,1920,2,2,2,54240.0,40.8457658,-73.9117808,on a listed block
2028490039,1703 TOWNSEND AVENUE,B1,1,1920,2,2,1,58920.0,40.8464689,-73.9123871,on a listed block
2028480052,1674 TOWNSEND AVENUE,B1,1,1920,2,2,1,57780.0,40.8456976,-73.9123014,on a listed block
2028490084,57 CLIFFORD PLACE,B1,1,1920,2,2,2,52020.0,40.8462434,-73.9117585,on a listed block
2028490055,1712 TOWNSEND AVENUE,B1,1,1920,2,2,1,56040.0,40.8465096,-73.9117256,on a listed block
2028480051,1672 TOWNSEND AVENUE,B1,1,1920,2,2,1,57780.0,40.8456372,-73.9123448,on a listed block
2028480050,1670 TOWNSEND AVENUE,C1,2,1920,25,25,1,675000.0,40.8455769,-73.9123883,on a listed block
2028490054,1710 TOWNSEND AVENUE,B1,1,1920,2,2,1,54960.0,40.8464492,-73.9117691,on a listed block
2028480024,1677 TOWNSEND AVENUE,D1,3,2022,35,35,1,2408400.0,40.8459367,-73.9127782,on a listed block
2028490062,1724 TOWNSEND AVENUE,B1,1,1930,2,2,1,53820.0,40.8468497,-73.911483,on a listed block
2028480054,50 CLIFFORD PLACE,C1,2,1920,19,19,1,568800.0,40.8459665,-73.9122721,on a listed block
2028490033,1711 TOWNSEND AVENUE,C1,2,1926,21,21,3,649800.0,40.846746,-73.9122024,on a listed block
2028490080,65 CLIFFORD PLACE,B1,1,1920,2,2,2,49500.0,40.8461059,-73.9114334,on a listed block
2028490037,1707 TOWNSEND AVENUE,M9,8,1920,2,2,2,363150.0,40.8465896,-73.9123002,on a listed block
2028490063,1728 TOWNSEND AVENUE,D1,3,2020,22,22,1,944100.0,40.8469238,-73.9114287,on a listed block
2028490070,1727 WALTON AVENUE,C1,2,1925,56,56,1,1091700.0,40.8466766,-73.9111868,on a listed block
2028490076,1715 WALTON AVENUE,C1,2,1925,46,46,1,1114650.0,40.846405,-73.9113788,on a listed block
2028480020,12 CLIFFORD PLACE,C1,2,1927,27,27,1,563850.0,40.8461891,-73.9125971,on a listed block
2028480023,1681 TOWNSEND AVENUE,B1,1,1920,2,2,1,59520.0,40.8460135,-73.9127238,on a listed block
2028480053,1676 TOWNSEND AVENUE,B1,1,1920,2,2,1,60840.0,40.8457607,-73.9122579,on a listed block
2028490083,59 CLIFFORD PLACE,C1,2,1920,10,10,2,329850.0,40.8462076,-73.9116754,on a listed block
2028440048,TOWNSEND AVENUE,V0,11,0,0,0,0,60.0,40.8415637,-73.9154656,on a listed block
2025060091,1280 SHAKESPEARE AVENUE,QG,9,0,0,0,0,15480.0,40.8390434,-73.9223534,on a listed block
2028490081,63 CLIFFORD PLACE,B1,1,1920,2,2,2,52020.0,40.8461416,-73.9115129,on a listed block
2028490061,1722 TOWNSEND AVENUE,B1,1,1930,2,2,2,53820.0,40.8467757,-73.9115373,on a listed block
2028490058,1716 TOWNSEND AVENUE,B1,1,1920,2,2,1,54960.0,40.8466303,-73.9116387,on a listed block
2031860073,WALTON AVENUE,G7,10,0,0,0,0,265050.0,40.8576685,-73.9035192,on a listed block
2028440117,JEROME AVENUE,V1,11,0,0,0,0,900.0,40.8419265,-73.9162422,on a listed block
2031980013,2308 GRAND AVENUE,V0,11,0,0,0,0,10980.0,40.8603646,-73.9045781,on a listed block
2031980014,2310 GRAND AVENUE,A5,1,1910,1,1,1,40620.0,40.860425,-73.9045383,on a listed block
2031980040,32 NORTH STREET,C0,2,1899,3,3,1,59820.0,40.8599255,-73.9045932,on a listed block
2031980044,2323 DAVIDSON AVENUE,C1,2,1905,11,11,1,356400.0,40.8595796,-73.9044853,on a listed block
2031980031,2357 DAVIDSON AVENUE,C1,2,1921,35,35,1,594000.0,40.8605207,-73.9040573,on a listed block
2031850010,2161 WALTON AVENUE,B1,1,1901,2,2,1,33000.0,40.8557783,-73.9046498,on a listed block
2028727501,1544 SHAKESPEARE AVENUE,RM,4,2022,116,117,1,10264501.0,40.8457244,-73.9189373,on a listed block
2028720263,JESUP AVENUE,Q1,9,1930,0,0,1,38655.0,40.8452927,-73.9178571,on a listed block
2025060164,1343 EDWARD L GRANT HWY,S1,4,1910,1,2,1,41880.0,40.8399596,-73.9216657,on a listed block
2025060147,1307 EDWARD L GRANT HWY,D7,4,1929,60,65,1,1306350.0,40.8392379,-73.9218328,on a listed block
2028650173,34 WEST 174 STREET,G7,10,0,0,0,0,121500.0,40.8464819,-73.9150979,on a listed block
2028650176,28 WEST 174 STREET,B1,1,1920,2,2,1,65760.0,40.8463939,-73.9148739,on a listed block
2028650122,29 FEATHERBED LANE,D1,3,2022,160,160,1,8281350.0,40.8461168,-73.914961,on a listed block
2028650162,1616 GRAND AVENUE,I7,8,1998,44,44,1,1881000.0,40.8464248,-73.9158136,on a listed block
2028650178,24 WEST 174 STREET,C1,2,1927,9,9,1,483750.0,40.8463279,-73.914715,on a listed block
2028650126,37 FEATHERBED LANE,D1,3,1929,42,42,1,638100.0,40.8462378,-73.9153765,on a listed block
2028650134,1600 MACOMBS ROAD,V0,11,0,0,0,0,121380.0,40.8458077,-73.916465,on a listed block
2028620003,43 WEST 177 STREET,C0,2,1920,3,3,1,49440.0,40.8505526,-73.9118431,on a listed block
2028620006,74 WEST TREMONT AVENUE,D7,4,2015,34,35,1,1569600.0,40.8508545,-73.9118427,on a listed block
2028620001,35 WEST 177 STREET,C5,2,1915,12,12,1,152550.0,40.8503331,-73.9119663,on a listed block
2028620002,37 WEST 177 STREET,C5,2,1915,13,13,1,122850.0,40.8504291,-73.9118939,on a listed block
2028620008,62 WEST TREMONT AVENUE,C1,2,1926,90,90,1,2723400.0,40.8511069,-73.911687,on a listed block
2028650175,30 WEST 174 STREET,B1,1,1920,2,2,1,78840.0,40.8464352,-73.9149751,on a listed block
2028650103,54 FEATHERBED LANE,D1,3,1927,68,68,1,1655550.0,40.8455301,-73.9158617,on a listed block
2028650110,40 FEATHERBED LANE,D7,4,1927,59,61,1,1711350.0,40.8457357,-73.9155326,on a listed block
2028650166,1630 GRAND AVENUE,D1,3,1941,67,67,1,1191150.0,40.8465206,-73.9154087,on a listed block
2028650160,GRAND AVENUE,D1,3,2022,326,326,1,18306900.0,40.8461673,-73.9164537,on a listed block
2028650177,26 WEST 174 STREET,C1,2,1920,10,10,1,444150.0,40.8463609,-73.914798,on a listed block
2028650179,1665 DAVIDSON AVENUE,C1,2,1920,10,10,1,325350.0,40.8462977,-73.9146355,on a listed block
2028650129,47 FEATHERBED LANE,D1,3,1932,55,55,1,1311300.0,40.846164,-73.915785,on a listed block
2028620058,1903 DAVIDSON AVENUE,C3,2,1908,4,4,1,408150.0,40.8502918,-73.9117567,on a listed block
2028620005,45 WEST 177 STREET,I1,8,1915,12,12,1,232200.0,40.8507255,-73.9118465,on a listed block
2024890030,11 EAST 167 STREET,K1,5,1932,0,2,1,292050.0,40.8360621,-73.9215582,on a listed block
2024890001,1210 JEROME AVENUE,K2,5,1937,0,8,1,1021500.0,40.8361583,-73.9217822,on a listed block
2024890071,59 EAST 167 STREET,K4,4,1950,0,4,1,2180700.0,40.835721,-73.9204781,on a listed block
2024890033,41 EAST 167 STREET,K1,5,1931,0,8,1,968850.0,40.8358283,-73.9208719,on a listed block
2024890054,1265 GERARD AVENUE,D7,4,1927,54,58,1,1022850.0,40.8367032,-73.9199096,on a listed block
2024890029,15 EAST 167 STREET,K1,5,1931,0,1,1,266400.0,40.8360291,-73.9214679,on a listed block
2025060005,1174 SHAKESPEARE AVENUE,K1,5,1931,0,3,1,122400.0,40.8359754,-73.9232207,on a listed block
2025060031,1224 SHAKESPEARE AVENUE,A5,1,1907,1,1,1,30720.0,40.8376166,-73.9230237,on a listed block
2025060032,1228 SHAKESPEARE AVENUE,A5,1,1907,1,1,1,31260.0,40.8376797,-73.9230344,on a listed block
2025060001,1171 JEROME AVENUE,K1,5,1925,0,10,1,1051200.0,40.8358463,-73.9231703,on a listed block
2025060010,1190 SHAKESPEARE AVENUE,D1,3,1929,80,80,1,1671750.0,40.8363129,-73.9230613,on a listed block
2025060022,1214 SHAKESPEARE AVENUE,D1,3,1926,43,43,1,869400.0,40.8370868,-73.9230243,on a listed block
2025060033,1234 SHAKESPEARE AVENUE,C1,2,1925,38,38,1,964350.0,40.837924,-73.923045,on a listed block
2025060016,1204 SHAKESPEARE AVENUE,D1,3,1926,67,67,1,1581750.0,40.836763,-73.9230427,on a listed block
2025060040,EDWARD L GRANT HWY,G7,10,0,0,0,0,1262250.0,40.837803,-73.9227452,on a listed block
2025060131,1226 SHAKESPEARE AVENUE,A5,1,1907,1,1,1,34800.0,40.8376468,-73.9230128,on a listed block
2025060024,1220 SHAKESPEARE AVENUE,D1,3,1927,59,59,1,1441800.0,40.8374162,-73.9230239,on a listed block
2031980075,16 WEST 184 STREET,B3,1,1901,2,2,1,41340.0,40.8606326,-73.9033197,on a listed block
2025060115,1292 SHAKESPEARE AVENUE,C0,2,2006,3,3,1,80940.0,40.839595,-73.9222046,on a listed block
2025060119,1300 SHAKESPEARE AVENUE,C0,2,1901,3,3,1,45540.0,40.839831,-73.9221754,on a listed block
2025060160,1304 SHAKESPEARE AVENUE,B1,1,1901,2,2,1,45240.0,40.8399435,-73.9221608,on a listed block
2025060117,1296 SHAKESPEARE AVENUE,C0,2,1901,3,3,1,44580.0,40.839724,-73.92219,on a listed block
2025060118,1298 SHAKESPEARE AVENUE,C0,2,1901,3,3,1,45540.0,40.8397788,-73.9221827,on a listed block
2025060102,1281 EDWARD L GRANT HWY,B9,1,1925,2,2,1,65220.0,40.8384094,-73.9223722,on a listed block
2025060100,1285 EDWARD L GRANT HWY,D1,3,2018,29,29,1,1894950.0,40.8385356,-73.9222962,on a listed block
2025060116,1294 SHAKESPEARE AVENUE,B2,1,1899,2,2,1,49260.0,40.8396636,-73.9221973,on a listed block
2025060089,1276 SHAKESPEARE AVENUE,QG,9,0,0,0,0,125100.0,40.8389611,-73.9224077,on a listed block
2025060094,EDWARD L GRANT HWY,V1,11,0,0,0,0,338850.0,40.8388291,-73.9220826,on a listed block
2025060098,1287 EDWARD L GRANT HWY,C0,2,1901,3,3,3,68460.0,40.8386563,-73.9222202,on a listed block
2025060104,1275 EDWARD L GRANT HWY,D6,4,1927,61,65,1,1120500.0,40.8381844,-73.9225243,on a listed block
2025060111,1282 SHAKESPEARE AVENUE,D3,3,2015,60,60,1,2217150.0,40.8394001,-73.9222337,on a listed block
2025060120,1302 SHAKESPEARE AVENUE,B1,1,1901,2,2,1,45060.0,40.8398859,-73.9221681,on a listed block
2025060079,1250 SHAKESPEARE AVENUE,I5,8,1931,0,1,1,187650.0,40.8384234,-73.9227806,on a listed block
2025060081,1256 SHAKESPEARE AVENUE,C1,2,2024,13,13,1,470250.0,40.8385111,-73.9227191,on a listed block
2025060148,67 WEST 169 STREET,C1,2,1925,8,8,1,301050.0,40.8392381,-73.9220785,on a listed block
2025060121,80 WEST 170 STREET,D1,3,1937,58,58,1,1393200.0,40.8401137,-73.9221389,on a listed block
2025060133,1345 EDWARD L GRANT HWY,S2,4,1910,2,3,1,35880.0,40.8400091,-73.9216729,on a listed block
2025060132,1347 EDWARD L GRANT HWY,S1,4,1910,1,2,1,39960.0,40.8400585,-73.92168,on a listed block
2025060129,1349 EDWARD L GRANT HWY,K2,5,1931,0,1,1,234900.0,40.8401463,-73.9217016,on a listed block
2025060136,1333 EDWARD L GRANT HWY,S2,4,1910,2,3,1,38580.0,40.8397621,-73.9217418,on a listed block
2025060125,WEST 170TH STREET,D7,4,2024,39,40,1,2862900.0,40.8400943,-73.9218498,on a listed block
2025060134,1337 EDWARD L GRANT HWY,D1,3,1931,28,28,1,557100.0,40.8398664,-73.9217453,on a listed block
2025060138,1325 EDWARD L GRANT HWY,D1,3,1930,57,57,1,923850.0,40.8395617,-73.9217746,on a listed block
2028577501,1477 MACOMBS ROAD,RA,8,2022,0,4,1,13103100.0,40.8421559,-73.9183598,on a listed block
2028567501,1325 JEROME AVENUE,RM,4,2019,255,257,1,15012854.0,40.8386213,-73.919282,on a listed block
2028440075,1454 WALTON AVENUE,D1,3,1928,79,79,1,2429100.0,40.8408056,-73.9147256,on a listed block
2031920075,7 WEST BURNSIDE AVENUE,K9,5,1927,0,5,1,4021650.0,40.8540817,-73.9075549,on a listed block
2025060087,1272 SHAKESPEARE AVENUE,QG,9,0,0,0,0,16500.0,40.8388788,-73.9224657,on a listed block
2025060082,1258 SHAKESPEARE AVE,D1,3,2022,90,90,1,4293450.0,40.8386922,-73.9226068,on a listed block
2028440116,JEROME AVENUE,V0,11,0,0,0,0,180.0,40.8418083,-73.9159206,on a listed block
2028440054,EAST 172 STREET,V0,11,0,0,0,0,5820.0,40.841706,-73.9149883,on a listed block
2028460041,1565 TOWNSEND AVENUE,D1,3,1941,61,61,1,1278450.0,40.8435803,-73.914451,on a listed block
2028570015,1426 CROMWELL AVENUE,G2,7,1924,0,4,2,487800.0,40.8417334,-73.9187145,on a listed block
2028640072,1325 INWOOD AVENUE,C0,2,1930,3,3,1,76320.0,40.8390007,-73.9201309,on a listed block
2031850008,2165 WALTON AVENUE,B1,1,1901,2,2,1,31620.0,40.8558578,-73.9045629,on a listed block
2031920141,2118 DAVIDSON AVENUE,B1,1,1996,2,2,1,44400.0,40.8555576,-73.9065985,on a listed block
2031950012,2176 GRAND AVENUE,D1,3,1954,54,54,1,1156950.0,40.8571412,-73.9064879,on a listed block
2031950002,2152 GRAND AVENUE,B2,1,1991,2,2,1,45060.0,40.8564636,-73.9069624,on a listed block
2031920013,2066 DAVIDSON AVENUE,B1,1,1996,2,2,1,47340.0,40.8543782,-73.9076738,on a listed block
2031980045,29 EVELYN PLACE,C1,2,2021,11,11,1,612000.0,40.8596098,-73.9045756,on a listed block
2024890026,1221 RIVER AVENUE,V1,11,0,0,0,1,125100.0,40.8361525,-73.9213738,on a listed block
2024890027,17 EAST 167 STREET,K1,5,1991,0,1,1,227700.0,40.8359906,-73.9213596,on a listed block
2025060075,1246 SHAKESPEARE AVENUE,C7,4,1926,33,35,1,559350.0,40.8382478,-73.9228928,on a listed block
