bbl,is_block,n_hdb_jobs,in_housingdb,in_housingdb_direct,hdb_match_via,has_historic_bbl,historic_bbl,reached_only_via_historic
2024890005,False,0,False,False,,False,,False
2024890006,False,0,False,False,,False,,False
2024890008,False,0,False,False,,False,,False
2024890011,False,0,False,False,,False,,False
2024890014,False,0,False,False,,False,,False
2024890025,False,0,False,False,,False,,False
2024890077,False,0,False,False,,False,,False
2025060044,False,1,True,True,bin,False,,False
2025060054,False,1,True,True,bin,False,,False
2025060062,False,0,False,False,,False,,False
2028440001,False,0,False,False,,False,,False
2028440005,False,0,False,False,,False,,False
2028440009,False,0,False,False,,False,,False
2028440012,False,0,False,False,,False,,False
2028460001,False,0,False,False,,False,,False
2028460004,False,0,False,False,,False,,False
2028460006,False,0,False,False,,False,,False
2028460014,False,0,False,False,,False,,False
2028460021,False,0,False,False,,False,,False
2028460027,False,0,False,False,,False,,False
2028460032,False,0,False,False,,False,,False
2028480012,False,0,False,False,,False,,False
2028480016,False,0,False,False,,False,,False
2028490001,False,0,False,False,,False,,False
2028490005,False,0,False,False,,False,,False
2028490009,False,0,False,False,,False,,False
2028490013,False,0,False,False,,False,,False
2028530001,False,0,False,False,,False,,False
2028530006,False,0,False,False,,False,,False
2028530009,False,0,False,False,,False,,False
2028530011,False,0,False,False,,False,,False
2028530012,False,1,True,True,bbl,False,,False
2028530015,False,0,False,False,,False,,False
2028530017,False,0,False,False,,False,,False
2028530022,False,0,False,False,,False,,False
2028550001,False,0,False,False,,False,,False
2028550008,False,0,False,False,,False,,False
2028550012,False,0,False,False,,False,,False
2028550015,False,0,False,False,,False,,False
2028550016,False,0,False,False,,False,,False
2028550020,False,0,False,False,,False,,False
2028550025,False,0,False,False,,False,,False
2028550027,False,0,False,False,,False,,False
2028550028,False,1,True,True,bin,False,,False
2028550042,False,0,False,False,,False,,False
2028550045,False,0,False,False,,False,,False
2028550051,False,1,True,True,bin,False,,False
2028550053,False,0,False,False,,False,,False
2028550065,False,0,False,False,,False,,False
2028560001,False,1,True,True,bbl,False,,False
2028560011,False,1,True,True,bin,False,,False
2028560019,False,0,False,False,,False,,False
2028560020,False,0,False,False,,False,,False
2028560023,False,3,True,True,bbl,False,,False
2028560024,False,0,False,False,,False,,False
2028560029,False,0,False,False,,False,,False
2028560045,False,0,False,False,,False,,False
2028560049,False,0,False,False,,False,,False
2028560051,False,0,False,False,,False,,False
2028560053,False,1,True,False,bin,True,2028567501,True
2028560141,False,0,False,False,,False,,False
2028570001,False,0,False,False,,False,,False
2028570006,False,1,True,True,bbl,False,,False
2028570021,False,0,False,False,,False,,False
2028570022,False,0,False,False,,False,,False
2028570023,False,0,False,False,,False,,False
2028570024,False,0,False,False,,False,,False
2028570028,False,0,False,False,,False,,False
2028570043,False,0,False,False,,False,,False
2028570064,False,0,False,False,,False,,False
2028570071,False,0,False,False,,False,,False
2028570077,False,0,False,False,,False,,False
2028570081,False,0,False,False,,False,,False
2028570090,False,0,False,False,,False,,False
2028570094,False,0,False,False,,False,,False
2028580001,False,0,False,False,,False,,False
2028580009,False,0,False,False,,False,,False
2028580015,False,0,False,False,,False,,False
2028580019,False,0,False,False,,False,,False
2028580023,False,0,False,False,,False,,False
2028580028,False,0,False,False,,False,,False
2028590001,False,0,False,False,,False,,False
2028590004,False,0,False,False,,False,,False
2028590005,False,0,False,False,,False,,False
2028590008,False,0,False,False,,False,,False
2028590010,False,0,False,False,,False,,False
2028590017,False,0,False,False,,False,,False
2028590018,False,0,False,False,,False,,False
2028590026,False,0,False,False,,False,,False
2028590030,False,0,False,False,,False,,False
2028590033,False,0,False,False,,False,,False
2028590034,False,0,False,False,,False,,False
2028590035,False,0,False,False,,False,,False
2028590038,False,0,False,False,,False,,False
2028590041,False,0,False,False,,False,,False
2028590044,False,0,False,False,,False,,False
2028590046,False,0,False,False,,False,,False
2028590050,False,0,False,False,,False,,False
2028590051,False,1,True,True,bin,False,,False
2028590077,False,0,False,False,,False,,False
2028590089,False,0,False,False,,False,,False
2028590092,False,0,False,False,,False,,False
2028590097,False,0,False,False,,False,,False
2028600034,False,0,False,False,,False,,False
2028620090,False,1,True,True,bbl,False,,False
2028620097,False,0,False,False,,False,,False
2028620103,False,0,False,False,,False,,False
2028640021,False,0,False,False,,False,,False
2028640025,False,0,False,False,,False,,False
2028640027,False,0,False,False,,False,,False
2028640035,False,0,False,False,,False,,False
2028650001,False,0,False,False,,False,,False
2028650015,False,0,False,False,,False,,False
2028650019,False,0,False,False,,False,,False
2028650023,False,0,False,False,,False,,False
2028650088,False,0,False,False,,False,,False
2028710002,False,0,False,False,,False,,False
2028710061,False,0,False,False,,False,,False
2028710078,False,0,False,False,,False,,False
2028710085,False,0,False,False,,False,,False
2028710094,False,0,False,False,,False,,False
2028710106,False,0,False,False,,False,,False
2028710110,False,0,False,False,,False,,False
2028710112,False,0,False,False,,False,,False
2028710115,False,0,False,False,,False,,False
2028710133,False,0,False,False,,False,,False
2028710140,False,0,False,False,,False,,False
2028720082,False,0,False,False,,False,,False
2031790008,False,0,False,False,,False,,False
2031790013,False,0,False,False,,False,,False
2031790020,False,0,False,False,,False,,False
2031790030,False,0,False,False,,False,,False
2031790031,False,0,False,False,,False,,False
2031850001,False,0,False,False,,False,,False
2031860001,False,0,False,False,,False,,False
2031860010,False,0,False,False,,False,,False
2031860012,False,0,False,False,,False,,False
2031860017,False,0,False,False,,False,,False
2031860041,False,0,False,False,,False,,False
2031860044,False,0,False,False,,False,,False
2031860047,False,0,False,False,,False,,False
2031860048,False,0,False,False,,False,,False
2031860049,False,0,False,False,,False,,False
2031860055,False,0,False,False,,False,,False
2031860059,False,0,False,False,,False,,False
2031870001,False,0,False,False,,False,,False
2031870003,False,0,False,False,,False,,False
2031870005,False,0,False,False,,False,,False
2031870007,False,1,True,True,bin,False,,False
2031870009,False,0,False,False,,False,,False
2031870014,False,0,False,False,,False,,False
2031870018,False,0,False,False,,False,,False
2031870025,False,0,False,False,,False,,False
2031920034,False,0,False,False,,False,,False
2031920037,False,0,False,False,,False,,False
2031920039,False,0,False,False,,False,,False
2031920042,False,0,False,False,,False,,False
2031920050,False,0,False,False,,False,,False
2031920055,False,0,False,False,,False,,False
2031920144,False,0,False,False,,False,,False
2031950040,False,0,False,False,,False,,False
2031950061,False,0,False,False,,False,,False
2031950066,False,0,False,False,,False,,False
2031950069,False,0,False,False,,False,,False
2031950083,False,0,False,False,,False,,False
2031950084,False,0,False,False,,False,,False
2031950090,False,0,False,False,,False,,False
2031950092,False,0,False,False,,False,,False
2031960036,False,0,False,False,,False,,False
2031960038,False,0,False,False,,False,,False
2031960081,False,0,False,False,,False,,False
2031960086,False,0,False,False,,False,,False
2031970029,False,0,False,False,,False,,False
2031970033,False,0,False,False,,False,,False
2031970035,False,0,False,False,,False,,False
2031980077,False,0,False,False,,False,,False
2031980078,False,0,False,False,,False,,False
2031980081,False,0,False,False,,False,,False
2031980087,False,0,False,False,,False,,False
2031980088,False,0,False,False,,False,,False
2031980089,False,0,False,False,,False,,False
2031980090,False,0,False,False,,False,,False
2031980091,False,0,False,False,,False,,False
2031980102,False,0,False,False,,False,,False
2031980105,False,0,False,False,,False,,False
2031980148,False,0,False,False,,False,,False
2031980149,False,0,False,False,,False,,False
2031980150,False,0,False,False,,False,,False
